Precinct,Race,Candidate,Total Votes,Vote Percentage
1001,District 1,Mario Bravo,63.0,56.25
1001,District 1,Roberto C. Treviño,49.0,43.75
1003,District 5,Teri Castillo,133.0,69.27
1003,District 5,Rudy Lopez,59.0,30.73
1004,District 3,Tomas Uresti,18.0,22.22
1004,District 3,Phyllis Viagran,63.0,77.78
1005,District 5,Teri Castillo,34.0,61.82
1005,District 5,Rudy Lopez,21.0,38.18
1006,District 5,Teri Castillo,92.0,55.09
1006,District 5,Rudy Lopez,75.0,44.91
1007,District 5,Teri Castillo,72.0,51.8
1007,District 5,Rudy Lopez,67.0,48.2
1008,District 1,Mario Bravo,156.0,50.16
1008,District 1,Roberto C. Treviño,155.0,49.84
1010,District 5,Teri Castillo,60.0,75.95
1010,District 5,Rudy Lopez,19.0,24.05
1011,District 3,Tomas Uresti,14.0,48.28
1011,District 3,Phyllis Viagran,15.0,51.72
1013,District 5,Teri Castillo,159.0,63.86
1013,District 5,Rudy Lopez,90.0,36.14
1014,District 5,Teri Castillo,53.0,67.95
1014,District 5,Rudy Lopez,25.0,32.05
1015,District 5,Teri Castillo,36.0,63.16
1015,District 5,Rudy Lopez,21.0,36.84
1016,District 3,Tomas Uresti,26.0,44.83
1016,District 3,Phyllis Viagran,32.0,55.17
1017,District 3,Tomas Uresti,5.0,33.33
1017,District 3,Phyllis Viagran,10.0,66.67
1018,District 3,Tomas Uresti,59.0,42.45
1018,District 3,Phyllis Viagran,80.0,57.55
1019,District 3,Tomas Uresti,29.0,42.65
1019,District 3,Phyllis Viagran,39.0,57.35
1020,District 3,Tomas Uresti,67.0,39.88
1020,District 3,Phyllis Viagran,101.0,60.12
1021,District 3,Tomas Uresti,32.0,35.96
1021,District 3,Phyllis Viagran,57.0,64.04
1023,District 5,Teri Castillo,76.0,62.3
1023,District 5,Rudy Lopez,46.0,37.7
1025,District 5,Teri Castillo,10.0,55.56
1025,District 5,Rudy Lopez,8.0,44.44
1026,District 5,Teri Castillo,43.0,59.72
1026,District 5,Rudy Lopez,29.0,40.28
1028,District 5,Teri Castillo,25.0,40.98
1028,District 5,Rudy Lopez,36.0,59.02
1029,District 5,Teri Castillo,77.0,40.31
1029,District 5,Rudy Lopez,114.0,59.69
1031,District 5,Teri Castillo,42.0,28.38
1031,District 5,Rudy Lopez,106.0,71.62
1032,District 5,Teri Castillo,82.0,55.41
1032,District 5,Rudy Lopez,66.0,44.59
1047,District 3,Tomas Uresti,45.0,56.25
1047,District 3,Phyllis Viagran,35.0,43.75
1048,District 3,Tomas Uresti,87.0,61.7
1048,District 3,Phyllis Viagran,54.0,38.3
1049,District 3,Tomas Uresti,63.0,44.68
1049,District 3,Phyllis Viagran,78.0,55.32
1050,District 3,Tomas Uresti,42.0,42.42
1050,District 3,Phyllis Viagran,57.0,57.58
1051,District 3,Tomas Uresti,94.0,59.49
1051,District 3,Phyllis Viagran,64.0,40.51
1052,District 3,Tomas Uresti,54.0,39.13
1052,District 3,Phyllis Viagran,84.0,60.87
1053,District 3,Tomas Uresti,9.0,45.0
1053,District 3,Phyllis Viagran,11.0,55.0
1054,District 3,Tomas Uresti,108.0,48.87
1054,District 3,Phyllis Viagran,113.0,51.13
1056,District 3,Tomas Uresti,62.0,38.04
1056,District 3,Phyllis Viagran,101.0,61.96
1057,District 3,Tomas Uresti 0 0,,
1057,District 3,Phyllis Viagran 0 0,,
1058,District 3,Tomas Uresti,2.0,40.0
1058,District 3,Phyllis Viagran,3.0,60.0
1059,District 3,Tomas Uresti,2.0,25.0
1059,District 3,Phyllis Viagran,6.0,75.0
1074,District 5,Teri Castillo 0 0,,
1074,District 5,Rudy Lopez 0 0,,
1077,District 5,Teri Castillo,125.0,60.68
1077,District 5,Rudy Lopez,81.0,39.32
1078,District 5,Teri Castillo,32.0,69.57
1078,District 5,Rudy Lopez,14.0,30.43
1088,District 5,Teri Castillo,58.0,69.88
1088,District 5,Rudy Lopez,25.0,30.12
1089,District 3,Tomas Uresti,28.0,40.0
1089,District 3,Phyllis Viagran,42.0,60.0
1091,District 3,Tomas Uresti,49.0,36.03
1091,District 3,Phyllis Viagran,87.0,63.97
1097,District 5,Teri Castillo,28.0,53.85
1097,District 5,Rudy Lopez,24.0,46.15
1098,District 5,Teri Castillo,63.0,77.78
1098,District 5,Rudy Lopez,18.0,22.22
1102,District 3,Tomas Uresti,3.0,100.0
1102,District 3,Phyllis Viagran,0.0,0.0
1117,District 3,Tomas Uresti,11.0,44.0
1117,District 3,Phyllis Viagran,14.0,56.0
1119,District 5,Teri Castillo 0 0,,
1119,District 5,Rudy Lopez 0 0,,
1120,District 5,Teri Castillo,4.0,50.0
1120,District 5,Rudy Lopez,4.0,50.0
1124,District 3,Tomas Uresti,0.0,0.0
1124,District 3,Phyllis Viagran,2.0,100.0
1126,District 2,Jada Andrews-Sullivan 0 0,,
1126,District 2,Jalen McKee-Rodriguez 0 0,,
1127,District 3,Tomas Uresti,6.0,14.63
1127,District 3,Phyllis Viagran,35.0,85.37
2001,District 5,Teri Castillo,44.0,77.19
2001,District 5,Rudy Lopez,13.0,22.81
2002,District 5,Teri Castillo,49.0,46.23
2002,District 5,Rudy Lopez,57.0,53.77
2003,District 1,Mario Bravo,63.0,60.0
2003,District 1,Roberto C. Treviño,42.0,40.0
2004,District 1,Mario Bravo,75.0,56.39
2004,District 1,Roberto C. Treviño,58.0,43.61
2006,District 1,Mario Bravo,1.0,100.0
2006,District 1,Roberto C. Treviño,0.0,0.0
2007,District 5,Teri Castillo,67.0,57.76
2007,District 5,Rudy Lopez,49.0,42.24
2008,District 5,Teri Castillo,32.0,40.0
2008,District 5,Rudy Lopez,48.0,60.0
2010,District 1,Mario Bravo,102.0,72.34
2010,District 1,Roberto C. Treviño,39.0,27.66
2011,District 5,Teri Castillo,98.0,56.32
2011,District 5,Rudy Lopez,76.0,43.68
2012,District 5,Teri Castillo,79.0,73.15
2012,District 5,Rudy Lopez,29.0,26.85
2015,District 5,Teri Castillo,63.0,64.95
2015,District 5,Rudy Lopez,34.0,35.05
2016,District 5,Teri Castillo,23.0,62.16
2016,District 5,Rudy Lopez,14.0,37.84
2017,District 5,Teri Castillo,28.0,60.87
2017,District 5,Rudy Lopez,18.0,39.13
2018,District 5,Teri Castillo,90.0,56.6
2018,District 5,Rudy Lopez,69.0,43.4
2021,District 5,Teri Castillo,95.0,66.9
2021,District 5,Rudy Lopez,47.0,33.1
2022,District 5,Teri Castillo,66.0,62.86
2022,District 5,Rudy Lopez,39.0,37.14
2029,District 5,Teri Castillo,43.0,44.33
2029,District 5,Rudy Lopez,54.0,55.67
2030,District 5,Teri Castillo,57.0,50.44
2030,District 5,Rudy Lopez,56.0,49.56
2031,District 5,Teri Castillo,48.0,45.71
2031,District 5,Rudy Lopez,57.0,54.29
2032,District 5,Teri Castillo,27.0,61.36
2032,District 5,Rudy Lopez,17.0,38.64
2033,District 5,Teri Castillo,18.0,48.65
2033,District 5,Rudy Lopez,19.0,51.35
2034,District 5,Teri Castillo,13.0,48.15
2034,District 5,Rudy Lopez,14.0,51.85
2035,District 1,Mario Bravo,106.0,37.19
2035,District 1,Roberto C. Treviño,179.0,62.81
2036,District 1,Mario Bravo,178.0,45.88
2036,District 1,Roberto C. Treviño,210.0,54.12
2038,District 1,Mario Bravo,81.0,38.57
2038,District 1,Roberto C. Treviño,129.0,61.43
2039,District 1,Mario Bravo,117.0,63.59
2039,District 1,Roberto C. Treviño,67.0,36.41
2048,District 1,Mario Bravo,47.0,46.53
2048,District 1,Roberto C. Treviño,54.0,53.47
2051,District 1,Mario Bravo,18.0,42.86
2051,District 1,Roberto C. Treviño,24.0,57.14
2052,District 1,Mario Bravo,31.0,50.0
2052,District 1,Roberto C. Treviño,31.0,50.0
2053,District 1,Mario Bravo,46.0,43.81
2053,District 1,Roberto C. Treviño,59.0,56.19
2054,District 1,Mario Bravo,124.0,45.26
2054,District 1,Roberto C. Treviño,150.0,54.74
2055,District 1,Mario Bravo,86.0,54.78
2055,District 1,Roberto C. Treviño,71.0,45.22
2056,District 1,Mario Bravo,77.0,53.47
2056,District 1,Roberto C. Treviño,67.0,46.53
2057,District 1,Mario Bravo,63.0,50.81
2057,District 1,Roberto C. Treviño,61.0,49.19
2058,District 1,Mario Bravo,89.0,55.97
2058,District 1,Roberto C. Treviño,70.0,44.03
2059,District 1,Mario Bravo,117.0,51.77
2059,District 1,Roberto C. Treviño,109.0,48.23
2062,District 1,Mario Bravo,160.0,76.19
2062,District 1,Roberto C. Treviño,50.0,23.81
2064,District 1,Mario Bravo,265.0,75.28
2064,District 1,Roberto C. Treviño,87.0,24.72
2067,District 1,Mario Bravo,22.0,57.89
2067,District 1,Roberto C. Treviño,16.0,42.11
2070,District 5,Teri Castillo,94.0,50.54
2070,District 5,Rudy Lopez,92.0,49.46
2071,District 5,Teri Castillo,24.0,48.0
2071,District 5,Rudy Lopez,26.0,52.0
2073,District 1,Mario Bravo,91.0,64.54
2073,District 1,Roberto C. Treviño,50.0,35.46
2074,District 5,Teri Castillo,14.0,48.28
2074,District 5,Rudy Lopez,15.0,51.72
2075,District 1,Mario Bravo,23.0,57.5
2075,District 1,Roberto C. Treviño,17.0,42.5
2079,District 5,Teri Castillo,31.0,77.5
2079,District 5,Rudy Lopez,9.0,22.5
2080,District 1,Mario Bravo,58.0,61.7
2080,District 1,Roberto C. Treviño,36.0,38.3
2082,District 1,Mario Bravo,87.0,54.72
2082,District 1,Roberto C. Treviño,72.0,45.28
2085,District 1,Mario Bravo,163.0,76.53
2085,District 1,Roberto C. Treviño,50.0,23.47
2089,District 5,Teri Castillo,13.0,59.09
2089,District 5,Rudy Lopez,9.0,40.91
2092,District 1,Mario Bravo,17.0,60.71
2092,District 1,Roberto C. Treviño,11.0,39.29
2094,District 1,Mario Bravo,16.0,66.67
2094,District 1,Roberto C. Treviño,8.0,33.33
2100,District 1,Mario Bravo,84.0,74.34
2100,District 1,Roberto C. Treviño,29.0,25.66
2103,District 5,Teri Castillo,2.0,33.33
2103,District 5,Rudy Lopez,4.0,66.67
2104,District 1,Mario Bravo,13.0,59.09
2104,District 1,Roberto C. Treviño,9.0,40.91
2105,District 5,Teri Castillo,29.0,64.44
2105,District 5,Rudy Lopez,16.0,35.56
2109,District 1,Mario Bravo 0 0,,
2109,District 1,Roberto C. Treviño 0 0,,
2110,District 1,Mario Bravo,80.0,63.49
2110,District 1,Roberto C. Treviño,46.0,36.51
2114,District 1,Mario Bravo,81.0,50.31
2114,District 1,Roberto C. Treviño,80.0,49.69
2116,District 1,Mario Bravo 0 0,,
2116,District 1,Roberto C. Treviño 0 0,,
2117,District 5,Teri Castillo,45.0,76.27
2117,District 5,Rudy Lopez,14.0,23.73
2118,District 5,Teri Castillo,1.0,33.33
2118,District 5,Rudy Lopez,2.0,66.67
2121,District 1,Mario Bravo,17.0,65.38
2121,District 1,Roberto C. Treviño,9.0,34.62
2129,District 1,Mario Bravo 0 0,,
2129,District 1,Roberto C. Treviño 0 0,,
2131,District 1,Mario Bravo,10.0,52.63
2131,District 1,Roberto C. Treviño,9.0,47.37
2132,District 1,Mario Bravo 0 0,,
2132,District 1,Roberto C. Treviño 0 0,,
2135,District 1,Mario Bravo,17.0,50.0
2135,District 1,Roberto C. Treviño,17.0,50.0
2137,District 1,Mario Bravo,75.0,51.02
2137,District 1,Roberto C. Treviño,72.0,48.98
2138,District 1,Mario Bravo,38.0,40.43
2138,District 1,Roberto C. Treviño,56.0,59.57
2144,District 1,Mario Bravo,92.0,42.99
2144,District 1,Roberto C. Treviño,122.0,57.01
2150,District 1,Mario Bravo 0 0,,
2150,District 1,Roberto C. Treviño 0 0,,
2152,District 1,Mario Bravo,14.0,36.84
2152,District 1,Roberto C. Treviño,24.0,63.16
2155,District 1,Mario Bravo 0 0,,
2155,District 1,Roberto C. Treviño 0 0,,
3001,District 9,Patrick Von Dohlen,237.0,46.47
3001,District 9,John Courage,273.0,53.53
3004,District 1,Mario Bravo 0 0,,
3004,District 1,Roberto C. Treviño 0 0,,
3005,District 9,Patrick Von Dohlen 0 0,,
3005,District 9,John Courage 0 0,,
3006,District 9,Patrick Von Dohlen,99.0,39.76
3006,District 9,John Courage,150.0,60.24
3007,District 9,Patrick Von Dohlen,234.0,53.55
3007,District 9,John Courage,203.0,46.45
3011,District 9,Patrick Von Dohlen,67.0,28.15
3011,District 9,John Courage,171.0,71.85
3014,District 9,Patrick Von Dohlen,44.0,44.44
3014,District 9,John Courage,55.0,55.56
3030,District 9,Patrick Von Dohlen,221.0,41.31
3030,District 9,John Courage,314.0,58.69
3031,District 9,Patrick Von Dohlen,2.0,33.33
3031,District 9,John Courage,4.0,66.67
3033,District 9,Patrick Von Dohlen,135.0,46.08
3033,District 9,John Courage,158.0,53.92
3039,District 9,Patrick Von Dohlen 0 0,,
3039,District 9,John Courage 0 0,,
3042,District 9,Patrick Von Dohlen,186.0,49.6
3042,District 9,John Courage,189.0,50.4
3044,District 9,Patrick Von Dohlen,113.0,43.13
3044,District 9,John Courage,149.0,56.87
3045,District 9,Patrick Von Dohlen,153.0,45.95
3045,District 9,John Courage,180.0,54.05
3052,District 9,Patrick Von Dohlen,340.0,57.63
3052,District 9,John Courage,250.0,42.37
3053,District 1,Mario Bravo,96.0,48.48
3053,District 1,Roberto C. Treviño,102.0,51.52
3059,District 9,Patrick Von Dohlen,156.0,66.95
3059,District 9,John Courage,77.0,33.05
3062,District 9,Patrick Von Dohlen,2.0,33.33
3062,District 9,John Courage,4.0,66.67
3063,District 9,Patrick Von Dohlen,149.0,34.81
3063,District 9,John Courage,279.0,65.19
3064,District 9,Patrick Von Dohlen,34.0,36.17
3064,District 9,John Courage,60.0,63.83
3066,District 9,Patrick Von Dohlen,163.0,37.47
3066,District 9,John Courage,272.0,62.53
3068,District 9,Patrick Von Dohlen,55.0,34.59
3068,District 9,John Courage,104.0,65.41
3069,District 9,Patrick Von Dohlen,217.0,31.82
3069,District 9,John Courage,465.0,68.18
3076,District 9,Patrick Von Dohlen,165.0,50.15
3076,District 9,John Courage,164.0,49.85
3078,District 9,Patrick Von Dohlen,202.0,39.07
3078,District 9,John Courage,315.0,60.93
3079,District 9,Patrick Von Dohlen,280.0,40.35
3079,District 9,John Courage,414.0,59.65
3080,District 9,Patrick Von Dohlen,112.0,44.44
3080,District 9,John Courage,140.0,55.56
3081,District 9,Patrick Von Dohlen,187.0,43.29
3081,District 9,John Courage,245.0,56.71
3083,District 9,Patrick Von Dohlen,165.0,46.48
3083,District 9,John Courage,190.0,53.52
3093,District 9,Patrick Von Dohlen,392.0,51.11
3093,District 9,John Courage,375.0,48.89
3102,District 9,Patrick Von Dohlen,282.0,41.23
3102,District 9,John Courage,402.0,58.77
3104,District 9,Patrick Von Dohlen,285.0,44.19
3104,District 9,John Courage,360.0,55.81
3111,District 9,Patrick Von Dohlen 0 0,,
3111,District 9,John Courage 0 0,,
3114,District 9,Patrick Von Dohlen,350.0,52.4
3114,District 9,John Courage,318.0,47.6
3117,District 9,Patrick Von Dohlen,420.0,47.51
3117,District 9,John Courage,464.0,52.49
3119,District 9,Patrick Von Dohlen,244.0,42.66
3119,District 9,John Courage,328.0,57.34
3121,District 9,Patrick Von Dohlen,230.0,47.42
3121,District 9,John Courage,255.0,52.58
3122,District 9,Patrick Von Dohlen,162.0,41.22
3122,District 9,John Courage,231.0,58.78
3123,District 9,Patrick Von Dohlen 0 0,,
3123,District 9,John Courage 0 0,,
3125,District 9,Patrick Von Dohlen 0 0,,
3125,District 9,John Courage 0 0,,
3130,District 9,Patrick Von Dohlen,234.0,49.58
3130,District 9,John Courage,238.0,50.42
3131,District 9,Patrick Von Dohlen 0 0,,
3131,District 9,John Courage 0 0,,
3132,District 9,Patrick Von Dohlen,30.0,35.71
3132,District 9,John Courage,54.0,64.29
3136,District 1,Mario Bravo,37.0,48.68
3136,District 1,Roberto C. Treviño,39.0,51.32
3137,District 9,Patrick Von Dohlen,1.0,25.0
3137,District 9,John Courage,3.0,75.0
3138,District 9,Patrick Von Dohlen,8.0,80.0
3138,District 9,John Courage,2.0,20.0
3145,District 9,Patrick Von Dohlen,227.0,49.24
3145,District 9,John Courage,234.0,50.76
3150,District 9,Patrick Von Dohlen,0.0,0.0
3150,District 9,John Courage,8.0,100.0
3154,District 9,Patrick Von Dohlen,247.0,48.43
3154,District 9,John Courage,263.0,51.57
3155,District 9,Patrick Von Dohlen,237.0,57.95
3155,District 9,John Courage,172.0,42.05
3161,District 9,Patrick Von Dohlen,118.0,42.45
3161,District 9,John Courage,160.0,57.55
3163,District 9,Patrick Von Dohlen,223.0,54.13
3163,District 9,John Courage,189.0,45.87
3164,District 9,Patrick Von Dohlen,0.0,0.0
3164,District 9,John Courage,2.0,100.0
3165,District 9,Patrick Von Dohlen,393.0,54.21
3165,District 9,John Courage,332.0,45.79
3166,District 1,Mario Bravo,47.0,51.65
3166,District 1,Roberto C. Treviño,44.0,48.35
3173,District 9,Patrick Von Dohlen,240.0,51.5
3173,District 9,John Courage,226.0,48.5
3178,District 2,Jada Andrews-Sullivan 0 0,,
3178,District 2,Jalen McKee-Rodriguez 0 0,,
3179,District 9,Patrick Von Dohlen 0 0,,
3179,District 9,John Courage 0 0,,
3180,District 9,Patrick Von Dohlen,73.0,37.44
3180,District 9,John Courage,122.0,62.56
3181,District 9,Patrick Von Dohlen,301.0,55.54
3181,District 9,John Courage,241.0,44.46
3182,District 9,Patrick Von Dohlen,61.0,42.07
3182,District 9,John Courage,84.0,57.93
3192,District 9,Patrick Von Dohlen 0 0,,
3192,District 9,John Courage 0 0,,
3193,District 9,Patrick Von Dohlen,10.0,38.46
3193,District 9,John Courage,16.0,61.54
3201,District 9,Patrick Von Dohlen 0 0,,
3201,District 9,John Courage 0 0,,
3204,District 1,Mario Bravo 0 0,,
3204,District 1,Roberto C. Treviño 0 0,,
3205,District 1,Mario Bravo 0 0,,
3205,District 1,Roberto C. Treviño 0 0,,
3206,District 2,Jada Andrews-Sullivan,1.0,9.09
3206,District 2,Jalen McKee-Rodriguez,10.0,90.91
3207,District 2,Jada Andrews-Sullivan 0 0,,
3207,District 2,Jalen McKee-Rodriguez 0 0,,
3208,District 1,Mario Bravo,3.0,75.0
3208,District 1,Roberto C. Treviño,1.0,25.0
4001,District 1,Mario Bravo,140.0,54.47
4001,District 1,Roberto C. Treviño,117.0,45.53
4002,District 2,Jada Andrews-Sullivan,13.0,22.81
4002,District 2,Jalen McKee-Rodriguez,44.0,77.19
4003,District 2,Jada Andrews-Sullivan,24.0,24.0
4003,District 2,Jalen McKee-Rodriguez,76.0,76.0
4004,District 2,Jada Andrews-Sullivan,32.0,24.62
4004,District 2,Jalen McKee-Rodriguez,98.0,75.38
4005,District 2,Jada Andrews-Sullivan,33.0,17.1
4005,District 2,Jalen McKee-Rodriguez,160.0,82.9
4006,District 2,Jada Andrews-Sullivan,13.0,20.97
4006,District 2,Jalen McKee-Rodriguez,49.0,79.03
4007,District 2,Jada Andrews-Sullivan,2.0,20.0
4007,District 2,Jalen McKee-Rodriguez,8.0,80.0
4008,District 2,Jada Andrews-Sullivan,17.0,18.28
4008,District 2,Jalen McKee-Rodriguez,76.0,81.72
4009,District 2,Jada Andrews-Sullivan,17.0,28.81
4009,District 2,Jalen McKee-Rodriguez,42.0,71.19
4010,District 2,Jada Andrews-Sullivan,32.0,39.02
4010,District 2,Jalen McKee-Rodriguez,50.0,60.98
4011,District 2,Jada Andrews-Sullivan,34.0,41.46
4011,District 2,Jalen McKee-Rodriguez,48.0,58.54
4012,District 2,Jada Andrews-Sullivan,25.0,41.67
4012,District 2,Jalen McKee-Rodriguez,35.0,58.33
4013,District 3,Tomas Uresti,23.0,35.94
4013,District 3,Phyllis Viagran,41.0,64.06
4014,District 2,Jada Andrews-Sullivan,5.0,22.73
4014,District 2,Jalen McKee-Rodriguez,17.0,77.27
4015,District 1,Mario Bravo,89.0,44.72
4015,District 1,Roberto C. Treviño,110.0,55.28
4016,District 3,Tomas Uresti,78.0,42.39
4016,District 3,Phyllis Viagran,106.0,57.61
4017,District 1,Mario Bravo,157.0,53.22
4017,District 1,Roberto C. Treviño,138.0,46.78
4018,District 1,Mario Bravo,138.0,54.55
4018,District 1,Roberto C. Treviño,115.0,45.45
4019,District 3,Tomas Uresti,47.0,34.56
4019,District 3,Phyllis Viagran,89.0,65.44
4020,District 3,Tomas Uresti,5.0,20.83
4020,District 3,Phyllis Viagran,19.0,79.17
4021,District 2,Jada Andrews-Sullivan,18.0,28.12
4021,District 2,Jalen McKee-Rodriguez,46.0,71.88
4023,District 3,Tomas Uresti,58.0,37.66
4023,District 3,Phyllis Viagran,96.0,62.34
4024,District 3,Tomas Uresti,71.0,42.77
4024,District 3,Phyllis Viagran,95.0,57.23
4025,District 3,Tomas Uresti,31.0,37.35
4025,District 3,Phyllis Viagran,52.0,62.65
4026,District 3,Tomas Uresti,73.0,32.74
4026,District 3,Phyllis Viagran,150.0,67.26
4027,District 3,Tomas Uresti,50.0,35.46
4027,District 3,Phyllis Viagran,91.0,64.54
4028,District 3,Tomas Uresti,96.0,44.44
4028,District 3,Phyllis Viagran,120.0,55.56
4029,District 2,Jada Andrews-Sullivan,35.0,24.48
4029,District 2,Jalen McKee-Rodriguez,108.0,75.52
4030,District 2,Jada Andrews-Sullivan,16.0,55.17
4030,District 2,Jalen McKee-Rodriguez,13.0,44.83
4031,District 3,Tomas Uresti,44.0,39.64
4031,District 3,Phyllis Viagran,67.0,60.36
4032,District 3,Tomas Uresti,40.0,30.3
4032,District 3,Phyllis Viagran,92.0,69.7
4033,District 3,Tomas Uresti,89.0,37.4
4033,District 3,Phyllis Viagran,149.0,62.6
4034,District 3,Tomas Uresti,52.0,39.69
4034,District 3,Phyllis Viagran,79.0,60.31
4035,District 2,Jada Andrews-Sullivan 0 0,,
4035,District 2,Jalen McKee-Rodriguez 0 0,,
4036,District 2,Jada Andrews-Sullivan,146.0,47.71
4036,District 2,Jalen McKee-Rodriguez,160.0,52.29
4037,District 2,Jada Andrews-Sullivan,78.0,61.42
4037,District 2,Jalen McKee-Rodriguez,49.0,38.58
4039,District 2,Jada Andrews-Sullivan,90.0,56.6
4039,District 2,Jalen McKee-Rodriguez,69.0,43.4
4040,District 2,Jada Andrews-Sullivan,65.0,50.39
4040,District 2,Jalen McKee-Rodriguez,64.0,49.61
4041,District 2,Jada Andrews-Sullivan,127.0,60.48
4041,District 2,Jalen McKee-Rodriguez,83.0,39.52
4042,District 2,Jada Andrews-Sullivan,2.0,40.0
4042,District 2,Jalen McKee-Rodriguez,3.0,60.0
4044,District 2,Jada Andrews-Sullivan,31.0,33.33
4044,District 2,Jalen McKee-Rodriguez,62.0,66.67
4045,District 2,Jada Andrews-Sullivan,52.0,23.96
4045,District 2,Jalen McKee-Rodriguez,165.0,76.04
4047,District 2,Jada Andrews-Sullivan,41.0,26.11
4047,District 2,Jalen McKee-Rodriguez,116.0,73.89
4048,District 3,Tomas Uresti,51.0,36.17
4048,District 3,Phyllis Viagran,90.0,63.83
4049,District 2,Jada Andrews-Sullivan,52.0,40.62
4049,District 2,Jalen McKee-Rodriguez,76.0,59.38
4062,District 3,Tomas Uresti,10.0,34.48
4062,District 3,Phyllis Viagran,19.0,65.52
4063,District 2,Jada Andrews-Sullivan,15.0,29.41
4063,District 2,Jalen McKee-Rodriguez,36.0,70.59
4065,District 2,Jada Andrews-Sullivan,74.0,41.11
4065,District 2,Jalen McKee-Rodriguez,106.0,58.89
4068,District 2,Jada Andrews-Sullivan,4.0,50.0
4068,District 2,Jalen McKee-Rodriguez,4.0,50.0
4070,District 2,Jada Andrews-Sullivan,126.0,42.71
4070,District 2,Jalen McKee-Rodriguez,169.0,57.29
4075,District 2,Jada Andrews-Sullivan,8.0,20.51
4075,District 2,Jalen McKee-Rodriguez,31.0,79.49
4076,District 2,Jada Andrews-Sullivan,51.0,34.93
4076,District 2,Jalen McKee-Rodriguez,95.0,65.07
4077,District 2,Jada Andrews-Sullivan,75.0,37.31
4077,District 2,Jalen McKee-Rodriguez,126.0,62.69
4082,District 2,Jada Andrews-Sullivan,50.0,48.54
4082,District 2,Jalen McKee-Rodriguez,53.0,51.46
4084,District 2,Jada Andrews-Sullivan,28.0,60.87
4084,District 2,Jalen McKee-Rodriguez,18.0,39.13
4091,District 2,Jada Andrews-Sullivan,22.0,25.29
4091,District 2,Jalen McKee-Rodriguez,65.0,74.71
4101,District 2,Jada Andrews-Sullivan 0 0,,
4101,District 2,Jalen McKee-Rodriguez 0 0,,
4102,District 2,Jada Andrews-Sullivan,4.0,11.76
4102,District 2,Jalen McKee-Rodriguez,30.0,88.24
4103,District 3,Tomas Uresti 0 0,,
4103,District 3,Phyllis Viagran 0 0,,
4106,District 2,Jada Andrews-Sullivan,11.0,50.0
4106,District 2,Jalen McKee-Rodriguez,11.0,50.0
4110,District 2,Jada Andrews-Sullivan,30.0,15.46
4110,District 2,Jalen McKee-Rodriguez,164.0,84.54
4111,District 2,Jada Andrews-Sullivan,9.0,90.0
4111,District 2,Jalen McKee-Rodriguez,1.0,10.0
4113,District 2,Jada Andrews-Sullivan,38.0,49.35
4113,District 2,Jalen McKee-Rodriguez,39.0,50.65
4117,District 2,Jada Andrews-Sullivan,21.0,32.81
4117,District 2,Jalen McKee-Rodriguez,43.0,67.19
4119,District 2,Jada Andrews-Sullivan,9.0,17.31
4119,District 2,Jalen McKee-Rodriguez,43.0,82.69
4120,District 2,Jada Andrews-Sullivan,14.0,77.78
4120,District 2,Jalen McKee-Rodriguez,4.0,22.22
4122,District 2,Jada Andrews-Sullivan,1.0,6.25
4122,District 2,Jalen McKee-Rodriguez,15.0,93.75
4123,District 2,Jada Andrews-Sullivan,5.0,27.78
4123,District 2,Jalen McKee-Rodriguez,13.0,72.22
4124,District 3,Tomas Uresti,39.0,33.05
4124,District 3,Phyllis Viagran,79.0,66.95
4125,District 2,Jada Andrews-Sullivan,1.0,33.33
4125,District 2,Jalen McKee-Rodriguez,2.0,66.67
4127,District 2,Jada Andrews-Sullivan 0 0,,
4127,District 2,Jalen McKee-Rodriguez 0 0,,
4128,District 2,Jada Andrews-Sullivan,10.0,33.33
4128,District 2,Jalen McKee-Rodriguez,20.0,66.67
4131,District 2,Jada Andrews-Sullivan,2.0,20.0
4131,District 2,Jalen McKee-Rodriguez,8.0,80.0
4134,District 2,Jada Andrews-Sullivan 0 0,,
4134,District 2,Jalen McKee-Rodriguez 0 0,,
4135,District 2,Jada Andrews-Sullivan 0 0,,
4135,District 2,Jalen McKee-Rodriguez 0 0,,
4136,District 2,Jada Andrews-Sullivan,2.0,33.33
4136,District 2,Jalen McKee-Rodriguez,4.0,66.67
4139,District 2,Jada Andrews-Sullivan 0 0,,
4139,District 2,Jalen McKee-Rodriguez 0 0,,
4141,District 2,Jada Andrews-Sullivan,5.0,55.56
4141,District 2,Jalen McKee-Rodriguez,4.0,44.44
4142,District 2,Jada Andrews-Sullivan,18.0,60.0
4142,District 2,Jalen McKee-Rodriguez,12.0,40.0
4147,District 2,Jada Andrews-Sullivan,13.0,46.43
4147,District 2,Jalen McKee-Rodriguez,15.0,53.57
4149,District 2,Jada Andrews-Sullivan,8.0,53.33
4149,District 2,Jalen McKee-Rodriguez,7.0,46.67
4153,District 3,Tomas Uresti,4.0,50.0
4153,District 3,Phyllis Viagran,4.0,50.0
4154,District 2,Jada Andrews-Sullivan,22.0,47.83
4154,District 2,Jalen McKee-Rodriguez,24.0,52.17
4155,District 1,Mario Bravo,152.0,43.3
4155,District 1,Roberto C. Treviño,199.0,56.7
4156,District 2,Jada Andrews-Sullivan,27.0,54.0
4156,District 2,Jalen McKee-Rodriguez,23.0,46.0
4157,District 1,Mario Bravo,106.0,43.62
4157,District 1,Roberto C. Treviño,137.0,56.38
4159,District 2,Jada Andrews-Sullivan,2.0,100.0
4159,District 2,Jalen McKee-Rodriguez,0.0,0.0
4161,District 2,Jada Andrews-Sullivan,15.0,62.5
4161,District 2,Jalen McKee-Rodriguez,9.0,37.5
4165,District 3,Tomas Uresti,1.0,100.0
4165,District 3,Phyllis Viagran,0.0,0.0
4166,District 2,Jada Andrews-Sullivan,0.0,0.0
4166,District 2,Jalen McKee-Rodriguez,6.0,100.0
4167,District 2,Jada Andrews-Sullivan,1.0,50.0
4167,District 2,Jalen McKee-Rodriguez,1.0,50.0
4175,District 2,Jada Andrews-Sullivan 0 0,,
4175,District 2,Jalen McKee-Rodriguez 0 0,,
4177,District 2,Jada Andrews-Sullivan,4.0,100.0
4177,District 2,Jalen McKee-Rodriguez,0.0,0.0
4178,District 2,Jada Andrews-Sullivan,0.0,0.0
4178,District 2,Jalen McKee-Rodriguez,1.0,100.0
4180,District 3,Tomas Uresti 0 0,,
4180,District 3,Phyllis Viagran 0 0,,
4181,District 2,Jada Andrews-Sullivan,0.0,0.0
4181,District 2,Jalen McKee-Rodriguez,1.0,100.0
4183,District 2,Jada Andrews-Sullivan,2.0,11.76
4183,District 2,Jalen McKee-Rodriguez,15.0,88.24
4184,District 2,Jada Andrews-Sullivan,0.0,0.0
4184,District 2,Jalen McKee-Rodriguez,2.0,100.0
4186,District 2,Jada Andrews-Sullivan,8.0,40.0
4186,District 2,Jalen McKee-Rodriguez,12.0,60.0
4190,District 2,Jada Andrews-Sullivan 0 0,,
4190,District 2,Jalen McKee-Rodriguez 0 0,,
4193,District 2,Jada Andrews-Sullivan,1.0,50.0
4193,District 2,Jalen McKee-Rodriguez,1.0,50.0
4200,District 3,Tomas Uresti,60.0,36.81
4200,District 3,Phyllis Viagran,103.0,63.19
4202,District 3,Tomas Uresti 0 0,,
4202,District 3,Phyllis Viagran 0 0,,
4203,District 1,Mario Bravo,8.0,53.33
4203,District 1,Roberto C. Treviño,7.0,46.67
4204,District 3,Tomas Uresti 0 0,,
4204,District 3,Phyllis Viagran 0 0,,
4206,District 2,Jada Andrews-Sullivan,1.0,20.0
4206,District 2,Jalen McKee-Rodriguez,4.0,80.0
4207,District 2,Jada Andrews-Sullivan 0 0,,
4207,District 2,Jalen McKee-Rodriguez 0 0,,
4208,District 3,Tomas Uresti 0 0,,
4208,District 3,Phyllis Viagran 0 0,,
4211,District 1,Mario Bravo,4.0,100.0
4211,District 1,Roberto C. Treviño,0.0,0.0
4212,District 2,Jada Andrews-Sullivan 0 0,,
4212,District 2,Jalen McKee-Rodriguez 0 0,,
4213,District 2,Jada Andrews-Sullivan 0 0,,
4213,District 2,Jalen McKee-Rodriguez 0 0,,
