,Precinct,Race,Candidate,Total Votes,Vote Percentage
1,1001 BS 1,District 1,TOTAL VOTE % Election,0,0.0
2,1001 BS 1,District 1,,0,0.0
3,1001 BS 1,District 1,Mario Bravo 63 56.25% 12,14,66.67
4,1001 BS 1,District 1,Roberto C. Treviño 49 43.75% 21,7,33.33
6,1003 BS 2,District 5,TOTAL VOTE % Election,0,0.0
7,1003 BS 2,District 5,,0,0.0
8,1003 BS 2,District 5,Teri Castillo 133 69.27% 45,16,61.54
9,1003 BS 2,District 5,Rudy Lopez 59 30.73% 19,10,38.46
11,1004 BS 3,District 3,TOTAL VOTE % Election,0,0.0
12,1004 BS 3,District 3,,0,0.0
13,1004 BS 3,District 3,Tomas Uresti 18 22.22% 5,3,10.71
14,1004 BS 3,District 3,Phyllis Viagran 63 77.78% 20,25,89.29
16,1005 BS 2,District 5,TOTAL VOTE % Election,0,0.0
17,1005 BS 2,District 5,,0,0.0
18,1005 BS 2,District 5,Teri Castillo 34 61.82% 10,8,57.14
19,1005 BS 2,District 5,Rudy Lopez 21 38.18% 11,6,42.86
21,1006 BS 2,District 5,TOTAL VOTE % Election,0,0.0
22,1006 BS 2,District 5,,0,0.0
23,1006 BS 2,District 5,Teri Castillo 92 55.09% 24,25,47.17
24,1006 BS 2,District 5,Rudy Lopez 75 44.91% 19,28,52.83
26,1007 BS 2,District 5,TOTAL VOTE % Election,0,0.0
27,1007 BS 2,District 5,,0,0.0
28,1007 BS 2,District 5,Teri Castillo 72 51.80% 24,10,34.48
29,1007 BS 2,District 5,Rudy Lopez 67 48.20% 13,19,65.52
31,1008 BS 1,District 1,TOTAL VOTE % Election,0,0.0
32,1008 BS 1,District 1,,0,0.0
33,1008 BS 1,District 1,Mario Bravo 156 50.16% 50,16,41.03
34,1008 BS 1,District 1,Roberto C. Treviño 155 49.84% 49,23,58.97
36,1010 BS 2,District 5,TOTAL VOTE % Election,0,0.0
37,1010 BS 2,District 5,,0,0.0
38,1010 BS 2,District 5,Teri Castillo 60 75.95% 15,8,57.14
39,1010 BS 2,District 5,Rudy Lopez 19 24.05% 7,6,42.86
41,1011 BS 3,District 3,TOTAL VOTE % Election,0,0.0
42,1011 BS 3,District 3,,0,0.0
43,1011 BS 3,District 3,Tomas Uresti 14 48.28% 1,6,37.5
44,1011 BS 3,District 3,Phyllis Viagran 15 51.72% 2,10,62.5
46,1013 BS 2,District 5,TOTAL VOTE % Election,0,0.0
47,1013 BS 2,District 5,,0,0.0
48,1013 BS 2,District 5,Teri Castillo 159 63.86% 56,30,66.67
49,1013 BS 2,District 5,Rudy Lopez 90 36.14% 25,15,33.33
51,1014 BS 2,District 5,TOTAL VOTE % Election,0,0.0
52,1014 BS 2,District 5,,0,0.0
53,1014 BS 2,District 5,Teri Castillo 53 67.95% 13,18,58.06
54,1014 BS 2,District 5,Rudy Lopez 25 32.05% 8,13,41.94
56,1015 BS 2,District 5,TOTAL VOTE % Election,0,0.0
57,1015 BS 2,District 5,,0,0.0
58,1015 BS 2,District 5,Teri Castillo 36 63.16% 10,8,40.0
59,1015 BS 2,District 5,Rudy Lopez 21 36.84% 5,12,60.0
61,1016 BS 3,District 3,TOTAL VOTE % Election,0,0.0
62,1016 BS 3,District 3,,0,0.0
63,1016 BS 3,District 3,Tomas Uresti 26 44.83% 11,5,38.46
64,1016 BS 3,District 3,Phyllis Viagran 32 55.17% 12,8,61.54
66,1017 BS 3,District 3,TOTAL VOTE % Election,0,0.0
67,1017 BS 3,District 3,,0,0.0
68,1017 BS 3,District 3,Tomas Uresti 5 33.33% 2,0,0.0
69,1017 BS 3,District 3,Phyllis Viagran 10 66.67% 3,4,100.0
71,1018 BS 3,District 3,TOTAL VOTE % Election,0,0.0
72,1018 BS 3,District 3,,0,0.0
73,1018 BS 3,District 3,Tomas Uresti 59 42.45% 23,10,27.78
74,1018 BS 3,District 3,Phyllis Viagran 80 57.55% 18,26,72.22
76,1019 BS 3,District 3,TOTAL VOTE % Election,0,0.0
77,1019 BS 3,District 3,,0,0.0
78,1019 BS 3,District 3,Tomas Uresti 29 42.65% 9,5,27.78
79,1019 BS 3,District 3,Phyllis Viagran 39 57.35% 3,13,72.22
81,1020 BS 3,District 3,TOTAL VOTE % Election,0,0.0
82,1020 BS 3,District 3,,0,0.0
83,1020 BS 3,District 3,Tomas Uresti 67 39.88% 24,14,48.28
84,1020 BS 3,District 3,Phyllis Viagran 101 60.12% 34,15,51.72
86,1021 BS 3,District 3,TOTAL VOTE % Election,0,0.0
87,1021 BS 3,District 3,,0,0.0
88,1021 BS 3,District 3,Tomas Uresti 32 35.96% 17,5,21.74
89,1021 BS 3,District 3,Phyllis Viagran 57 64.04% 17,18,78.26
91,1023 BS 2,District 5,TOTAL VOTE % Election,0,0.0
92,1023 BS 2,District 5,,0,0.0
93,1023 BS 2,District 5,Teri Castillo 76 62.30% 19,35,64.81
94,1023 BS 2,District 5,Rudy Lopez 46 37.70% 12,19,35.19
96,1025 BS 2,District 5,TOTAL VOTE % Election,0,0.0
97,1025 BS 2,District 5,,0,0.0
98,1025 BS 2,District 5,Teri Castillo 10 55.56% 4,2,40.0
99,1025 BS 2,District 5,Rudy Lopez 8 44.44% 2,3,60.0
101,1026 BS 2,District 5,TOTAL VOTE % Election,0,0.0
102,1026 BS 2,District 5,,0,0.0
103,1026 BS 2,District 5,Teri Castillo 43 59.72% 26,7,36.84
104,1026 BS 2,District 5,Rudy Lopez 29 40.28% 10,12,63.16
106,1028 BS 2,District 5,TOTAL VOTE % Election,0,0.0
107,1028 BS 2,District 5,,0,0.0
108,1028 BS 2,District 5,Teri Castillo 25 40.98% 6,9,45.0
109,1028 BS 2,District 5,Rudy Lopez 36 59.02% 8,11,55.0
111,1029 BS 2,District 5,TOTAL VOTE % Election,0,0.0
112,1029 BS 2,District 5,,0,0.0
113,1029 BS 2,District 5,Teri Castillo 77 40.31% 34,13,32.5
114,1029 BS 2,District 5,Rudy Lopez 114 59.69% 33,27,67.5
116,1031 BS 2,District 5,TOTAL VOTE % Election,0,0.0
117,1031 BS 2,District 5,,0,0.0
118,1031 BS 2,District 5,Teri Castillo 42 28.38% 8,7,17.07
119,1031 BS 2,District 5,Rudy Lopez 106 71.62% 29,34,82.93
121,1032 BS 2,District 5,TOTAL VOTE % Election,0,0.0
122,1032 BS 2,District 5,,0,0.0
123,1032 BS 2,District 5,Teri Castillo 82 55.41% 21,9,25.71
124,1032 BS 2,District 5,Rudy Lopez 66 44.59% 17,26,74.29
126,1047 BS 3,District 3,TOTAL VOTE % Election,0,0.0
127,1047 BS 3,District 3,,0,0.0
128,1047 BS 3,District 3,Tomas Uresti 45 56.25% 17,14,45.16
129,1047 BS 3,District 3,Phyllis Viagran 35 43.75% 5,17,54.84
131,1048 BS 3,District 3,TOTAL VOTE % Election,0,0.0
132,1048 BS 3,District 3,,0,0.0
133,1048 BS 3,District 3,Tomas Uresti 87 61.70% 34,26,65.0
134,1048 BS 3,District 3,Phyllis Viagran 54 38.30% 25,14,35.0
136,1049 BS 3,District 3,TOTAL VOTE % Election,0,0.0
137,1049 BS 3,District 3,,0,0.0
138,1049 BS 3,District 3,Tomas Uresti 63 44.68% 10,21,41.18
139,1049 BS 3,District 3,Phyllis Viagran 78 55.32% 15,30,58.82
141,1050 BS 3,District 3,TOTAL VOTE % Election,0,0.0
142,1050 BS 3,District 3,,0,0.0
143,1050 BS 3,District 3,Tomas Uresti 42 42.42% 20,14,33.33
144,1050 BS 3,District 3,Phyllis Viagran 57 57.58% 13,28,66.67
146,1051 BS 3,District 3,TOTAL VOTE % Election,0,0.0
147,1051 BS 3,District 3,,0,0.0
148,1051 BS 3,District 3,Tomas Uresti 94 59.49% 24,28,59.57
149,1051 BS 3,District 3,Phyllis Viagran 64 40.51% 17,19,40.43
151,1052 BS 3,District 3,TOTAL VOTE % Election,0,0.0
152,1052 BS 3,District 3,,0,0.0
153,1052 BS 3,District 3,Tomas Uresti 54 39.13% 12,16,38.1
154,1052 BS 3,District 3,Phyllis Viagran 84 60.87% 22,26,61.9
156,1053 BS 3,District 3,TOTAL VOTE % Election,0,0.0
157,1053 BS 3,District 3,,0,0.0
158,1053 BS 3,District 3,Tomas Uresti 9 45.00% 4,1,33.33
159,1053 BS 3,District 3,Phyllis Viagran 11 55.00% 3,2,66.67
161,1054 BS 3,District 3,TOTAL VOTE % Election,0,0.0
162,1054 BS 3,District 3,,0,0.0
163,1054 BS 3,District 3,Tomas Uresti 108 48.87% 46,29,38.16
164,1054 BS 3,District 3,Phyllis Viagran 113 51.13% 31,47,61.84
166,1056 BS 3,District 3,TOTAL VOTE % Election,0,0.0
167,1056 BS 3,District 3,,0,0.0
168,1056 BS 3,District 3,Tomas Uresti 62 38.04% 31,9,42.86
169,1056 BS 3,District 3,Phyllis Viagran 101 61.96% 40,12,57.14
171,1057 BS 3,District 3,TOTAL VOTE % Election,0,
172,1057 BS 3,District 3,,0,
173,1057 BS 3,District 3,Tomas Uresti 0 0,0,
174,1057 BS 3,District 3,Phyllis Viagran 0 0,0,
176,1058 BS 3,District 3,TOTAL VOTE % Election,0,0.0
177,1058 BS 3,District 3,,0,0.0
178,1058 BS 3,District 3,Tomas Uresti 2 40.00% 0,1,50.0
179,1058 BS 3,District 3,Phyllis Viagran 3 60.00% 0,1,50.0
181,1059 BS 3,District 3,TOTAL VOTE % Election,0,0.0
182,1059 BS 3,District 3,,0,0.0
183,1059 BS 3,District 3,Tomas Uresti 2 25.00% 0,1,20.0
184,1059 BS 3,District 3,Phyllis Viagran 6 75.00% 0,4,80.0
186,1074 BS 2,District 5,TOTAL VOTE % Election,0,
187,1074 BS 2,District 5,,0,
188,1074 BS 2,District 5,Teri Castillo 0 0,0,
189,1074 BS 2,District 5,Rudy Lopez 0 0,0,
191,1077 BS 2,District 5,TOTAL VOTE % Election,0,0.0
192,1077 BS 2,District 5,,0,0.0
193,1077 BS 2,District 5,Teri Castillo 125 60.68% 32,26,45.61
194,1077 BS 2,District 5,Rudy Lopez 81 39.32% 10,31,54.39
196,1078 BS 2,District 5,TOTAL VOTE % Election,0,0.0
197,1078 BS 2,District 5,,0,0.0
198,1078 BS 2,District 5,Teri Castillo 32 69.57% 13,8,66.67
199,1078 BS 2,District 5,Rudy Lopez 14 30.43% 3,4,33.33
201,1088 BS 2,District 5,TOTAL VOTE % Election,0,0.0
202,1088 BS 2,District 5,,0,0.0
203,1088 BS 2,District 5,Teri Castillo 58 69.88% 22,12,75.0
204,1088 BS 2,District 5,Rudy Lopez 25 30.12% 5,4,25.0
206,1089 BS 3,District 3,TOTAL VOTE % Election,0,0.0
207,1089 BS 3,District 3,,0,0.0
208,1089 BS 3,District 3,Tomas Uresti 28 40.00% 5,3,37.5
209,1089 BS 3,District 3,Phyllis Viagran 42 60.00% 9,5,62.5
211,1091 BS 3,District 3,TOTAL VOTE % Election,0,0.0
212,1091 BS 3,District 3,,0,0.0
213,1091 BS 3,District 3,Tomas Uresti 49 36.03% 19,10,35.71
214,1091 BS 3,District 3,Phyllis Viagran 87 63.97% 29,18,64.29
216,1097 BS 2,District 5,TOTAL VOTE % Election,0,0.0
217,1097 BS 2,District 5,,0,0.0
218,1097 BS 2,District 5,Teri Castillo 28 53.85% 6,8,57.14
219,1097 BS 2,District 5,Rudy Lopez 24 46.15% 6,6,42.86
221,1098 BS 2,District 5,TOTAL VOTE % Election,0,0.0
222,1098 BS 2,District 5,,0,0.0
223,1098 BS 2,District 5,Teri Castillo 63 77.78% 11,4,30.77
224,1098 BS 2,District 5,Rudy Lopez 18 22.22% 2,9,69.23
226,1102 BS 3,District 3,TOTAL VOTE % Election,0,
227,1102 BS 3,District 3,,0,
228,1102 BS 3,District 3,Tomas Uresti 3 100.00% 1,0,
229,1102 BS 3,District 3,Phyllis Viagran 0 0.00% 0,0,
231,1117 BS 3,District 3,TOTAL VOTE % Election,0,0.0
232,1117 BS 3,District 3,,0,0.0
233,1117 BS 3,District 3,Tomas Uresti 11 44.00% 9,1,20.0
234,1117 BS 3,District 3,Phyllis Viagran 14 56.00% 3,4,80.0
236,1119 BS 2,District 5,TOTAL VOTE % Election,0,
237,1119 BS 2,District 5,,0,
238,1119 BS 2,District 5,Teri Castillo 0 0,0,
239,1119 BS 2,District 5,Rudy Lopez 0 0,0,
241,1120 BS 2,District 5,TOTAL VOTE % Election,0,0.0
242,1120 BS 2,District 5,,0,0.0
243,1120 BS 2,District 5,Teri Castillo 4 50.00% 3,1,33.33
244,1120 BS 2,District 5,Rudy Lopez 4 50.00% 0,2,66.67
246,1124 BS 3,District 3,TOTAL VOTE % Election,0,0.0
247,1124 BS 3,District 3,,0,0.0
248,1124 BS 3,District 3,Tomas Uresti 0 0.00% 0,0,0.0
249,1124 BS 3,District 3,Phyllis Viagran 2 100.00% 0,1,100.0
251,1126 BS 4,District 2,TOTAL VOTE % Election,0,
252,1126 BS 4,District 2,,0,
253,1126 BS 4,District 2,Jada Andrews-Sullivan 0 0,0,
254,1126 BS 4,District 2,Jalen McKee-Rodriguez 0 0,0,
256,1127 BS 3,District 3,TOTAL VOTE % Election,0,0.0
257,1127 BS 3,District 3,,0,0.0
258,1127 BS 3,District 3,Tomas Uresti 6 14.63% 2,4,22.22
259,1127 BS 3,District 3,Phyllis Viagran 35 85.37% 10,14,77.78
261,2001 BS 2,District 5,TOTAL VOTE % Election,0,0.0
262,2001 BS 2,District 5,,0,0.0
263,2001 BS 2,District 5,Teri Castillo 44 77.19% 17,7,63.64
264,2001 BS 2,District 5,Rudy Lopez 13 22.81% 3,4,36.36
266,2002 BS 2,District 5,TOTAL VOTE % Election,0,0.0
267,2002 BS 2,District 5,,0,0.0
268,2002 BS 2,District 5,Teri Castillo 49 46.23% 11,17,54.84
269,2002 BS 2,District 5,Rudy Lopez 57 53.77% 17,14,45.16
271,2003 BS 1,District 1,TOTAL VOTE % Election,0,0.0
272,2003 BS 1,District 1,,0,0.0
273,2003 BS 1,District 1,Mario Bravo 63 60.00% 25,12,66.67
274,2003 BS 1,District 1,Roberto C. Treviño 42 40.00% 8,6,33.33
276,2004 BS 1,District 1,TOTAL VOTE % Election,0,0.0
277,2004 BS 1,District 1,,0,0.0
278,2004 BS 1,District 1,Mario Bravo 75 56.39% 26,20,62.5
279,2004 BS 1,District 1,Roberto C. Treviño 58 43.61% 16,12,37.5
281,2006 BS 1,District 1,TOTAL VOTE % Election,0,
282,2006 BS 1,District 1,,0,
283,2006 BS 1,District 1,Mario Bravo 1 100.00% 0,0,
284,2006 BS 1,District 1,Roberto C. Treviño 0 0.00% 0,0,
286,2007 BS 2,District 5,TOTAL VOTE % Election,0,0.0
287,2007 BS 2,District 5,,0,0.0
288,2007 BS 2,District 5,Teri Castillo 67 57.76% 26,13,34.21
289,2007 BS 2,District 5,Rudy Lopez 49 42.24% 9,25,65.79
291,2008 BS 2,District 5,TOTAL VOTE % Election,0,0.0
292,2008 BS 2,District 5,,0,0.0
293,2008 BS 2,District 5,Teri Castillo 32 40.00% 7,14,48.28
294,2008 BS 2,District 5,Rudy Lopez 48 60.00% 7,15,51.72
296,2010 BS 1,District 1,TOTAL VOTE % Election,0,0.0
297,2010 BS 1,District 1,,0,0.0
298,2010 BS 1,District 1,Mario Bravo 102 72.34% 25,19,65.52
299,2010 BS 1,District 1,Roberto C. Treviño 39 27.66% 11,10,34.48
301,2011 BS 2,District 5,TOTAL VOTE % Election,0,0.0
302,2011 BS 2,District 5,,0,0.0
303,2011 BS 2,District 5,Teri Castillo 98 56.32% 16,28,40.58
304,2011 BS 2,District 5,Rudy Lopez 76 43.68% 6,41,59.42
306,2012 BS 2,District 5,TOTAL VOTE % Election,0,0.0
307,2012 BS 2,District 5,,0,0.0
308,2012 BS 2,District 5,Teri Castillo 79 73.15% 21,17,62.96
309,2012 BS 2,District 5,Rudy Lopez 29 26.85% 10,10,37.04
311,2015 BS 2,District 5,TOTAL VOTE % Election,0,0.0
312,2015 BS 2,District 5,,0,0.0
313,2015 BS 2,District 5,Teri Castillo 63 64.95% 12,14,51.85
314,2015 BS 2,District 5,Rudy Lopez 34 35.05% 13,13,48.15
316,2016 BS 2,District 5,TOTAL VOTE % Election,0,0.0
317,2016 BS 2,District 5,,0,0.0
318,2016 BS 2,District 5,Teri Castillo 23 62.16% 3,6,46.15
319,2016 BS 2,District 5,Rudy Lopez 14 37.84% 2,7,53.85
321,2017 BS 2,District 5,TOTAL VOTE % Election,0,0.0
322,2017 BS 2,District 5,,0,0.0
323,2017 BS 2,District 5,Teri Castillo 28 60.87% 5,4,44.44
324,2017 BS 2,District 5,Rudy Lopez 18 39.13% 2,5,55.56
326,2018 BS 2,District 5,TOTAL VOTE % Election,0,0.0
327,2018 BS 2,District 5,,0,0.0
328,2018 BS 2,District 5,Teri Castillo 90 56.60% 24,14,53.85
329,2018 BS 2,District 5,Rudy Lopez 69 43.40% 12,12,46.15
331,2021 BS 2,District 5,TOTAL VOTE % Election,0,0.0
332,2021 BS 2,District 5,,0,0.0
333,2021 BS 2,District 5,Teri Castillo 95 66.90% 17,30,58.82
334,2021 BS 2,District 5,Rudy Lopez 47 33.10% 7,21,41.18
336,2022 BS 2,District 5,TOTAL VOTE % Election,0,0.0
337,2022 BS 2,District 5,,0,0.0
338,2022 BS 2,District 5,Teri Castillo 66 62.86% 14,14,45.16
339,2022 BS 2,District 5,Rudy Lopez 39 37.14% 5,17,54.84
341,2029 BS 2,District 5,TOTAL VOTE % Election,0,0.0
342,2029 BS 2,District 5,,0,0.0
343,2029 BS 2,District 5,Teri Castillo 43 44.33% 12,6,35.29
344,2029 BS 2,District 5,Rudy Lopez 54 55.67% 17,11,64.71
346,2030 BS 2,District 5,TOTAL VOTE % Election,0,0.0
347,2030 BS 2,District 5,,0,0.0
348,2030 BS 2,District 5,Teri Castillo 57 50.44% 17,8,30.77
349,2030 BS 2,District 5,Rudy Lopez 56 49.56% 19,18,69.23
351,2031 BS 2,District 5,TOTAL VOTE % Election,0,0.0
352,2031 BS 2,District 5,,0,0.0
353,2031 BS 2,District 5,Teri Castillo 48 45.71% 8,17,44.74
354,2031 BS 2,District 5,Rudy Lopez 57 54.29% 12,21,55.26
356,2032 BS 2,District 5,TOTAL VOTE % Election,0,0.0
357,2032 BS 2,District 5,,0,0.0
358,2032 BS 2,District 5,Teri Castillo 27 61.36% 4,6,66.67
359,2032 BS 2,District 5,Rudy Lopez 17 38.64% 9,3,33.33
361,2033 BS 2,District 5,TOTAL VOTE % Election,0,0.0
362,2033 BS 2,District 5,,0,0.0
363,2033 BS 2,District 5,Teri Castillo 18 48.65% 9,3,37.5
364,2033 BS 2,District 5,Rudy Lopez 19 51.35% 3,5,62.5
366,2034 BS 2,District 5,TOTAL VOTE % Election,0,0.0
367,2034 BS 2,District 5,,0,0.0
368,2034 BS 2,District 5,Teri Castillo 13 48.15% 2,7,87.5
369,2034 BS 2,District 5,Rudy Lopez 14 51.85% 4,1,12.5
371,2035 BS 1,District 1,TOTAL VOTE % Election,0,0.0
372,2035 BS 1,District 1,,0,0.0
373,2035 BS 1,District 1,Mario Bravo 106 37.19% 28,17,40.48
374,2035 BS 1,District 1,Roberto C. Treviño 179 62.81% 45,25,59.52
376,2036 BS 1,District 1,TOTAL VOTE % Election,0,0.0
377,2036 BS 1,District 1,,0,0.0
378,2036 BS 1,District 1,Mario Bravo 178 45.88% 44,29,54.72
379,2036 BS 1,District 1,Roberto C. Treviño 210 54.12% 51,24,45.28
381,2038 BS 1,District 1,TOTAL VOTE % Election,0,0.0
382,2038 BS 1,District 1,,0,0.0
383,2038 BS 1,District 1,Mario Bravo 81 38.57% 30,11,33.33
384,2038 BS 1,District 1,Roberto C. Treviño 129 61.43% 32,22,66.67
386,2039 BS 1,District 1,TOTAL VOTE % Election,0,0.0
387,2039 BS 1,District 1,,0,0.0
388,2039 BS 1,District 1,Mario Bravo 117 63.59% 53,14,56.0
389,2039 BS 1,District 1,Roberto C. Treviño 67 36.41% 25,11,44.0
391,2048 BS 1,District 1,TOTAL VOTE % Election,0,0.0
392,2048 BS 1,District 1,,0,0.0
393,2048 BS 1,District 1,Mario Bravo 47 46.53% 18,5,38.46
394,2048 BS 1,District 1,Roberto C. Treviño 54 53.47% 19,8,61.54
396,2051 BS 1,District 1,TOTAL VOTE % Election,0,0.0
397,2051 BS 1,District 1,,0,0.0
398,2051 BS 1,District 1,Mario Bravo 18 42.86% 5,5,71.43
399,2051 BS 1,District 1,Roberto C. Treviño 24 57.14% 6,2,28.57
401,2052 BS 1,District 1,TOTAL VOTE % Election,0,0.0
402,2052 BS 1,District 1,,0,0.0
403,2052 BS 1,District 1,Mario Bravo 31 50.00% 15,3,50.0
404,2052 BS 1,District 1,Roberto C. Treviño 31 50.00% 11,3,50.0
406,2053 BS 1,District 1,TOTAL VOTE % Election,0,0.0
407,2053 BS 1,District 1,,0,0.0
408,2053 BS 1,District 1,Mario Bravo 46 43.81% 16,6,31.58
409,2053 BS 1,District 1,Roberto C. Treviño 59 56.19% 15,13,68.42
411,2054 BS 1,District 1,TOTAL VOTE % Election,0,0.0
412,2054 BS 1,District 1,,0,0.0
413,2054 BS 1,District 1,Mario Bravo 124 45.26% 55,10,23.81
414,2054 BS 1,District 1,Roberto C. Treviño 150 54.74% 52,32,76.19
416,2055 BS 1,District 1,TOTAL VOTE % Election,0,0.0
417,2055 BS 1,District 1,,0,0.0
418,2055 BS 1,District 1,Mario Bravo 86 54.78% 33,10,38.46
419,2055 BS 1,District 1,Roberto C. Treviño 71 45.22% 22,16,61.54
421,2056 BS 1,District 1,TOTAL VOTE % Election,0,0.0
422,2056 BS 1,District 1,,0,0.0
423,2056 BS 1,District 1,Mario Bravo 77 53.47% 28,11,47.83
424,2056 BS 1,District 1,Roberto C. Treviño 67 46.53% 23,12,52.17
426,2057 BS 1,District 1,TOTAL VOTE % Election,0,0.0
427,2057 BS 1,District 1,,0,0.0
428,2057 BS 1,District 1,Mario Bravo 63 50.81% 31,11,34.38
429,2057 BS 1,District 1,Roberto C. Treviño 61 49.19% 13,21,65.62
431,2058 BS 1,District 1,TOTAL VOTE % Election,0,0.0
432,2058 BS 1,District 1,,0,0.0
433,2058 BS 1,District 1,Mario Bravo 89 55.97% 36,16,55.17
434,2058 BS 1,District 1,Roberto C. Treviño 70 44.03% 27,13,44.83
436,2059 BS 1,District 1,TOTAL VOTE % Election,0,0.0
437,2059 BS 1,District 1,,0,0.0
438,2059 BS 1,District 1,Mario Bravo 117 51.77% 39,11,28.95
439,2059 BS 1,District 1,Roberto C. Treviño 109 48.23% 36,27,71.05
441,2062 BS 1,District 1,TOTAL VOTE % Election,0,0.0
442,2062 BS 1,District 1,,0,0.0
443,2062 BS 1,District 1,Mario Bravo 160 76.19% 31,17,58.62
444,2062 BS 1,District 1,Roberto C. Treviño 50 23.81% 10,12,41.38
446,2064 BS 1,District 1,TOTAL VOTE % Election,0,0.0
447,2064 BS 1,District 1,,0,0.0
448,2064 BS 1,District 1,Mario Bravo 265 75.28% 80,24,48.0
449,2064 BS 1,District 1,Roberto C. Treviño 87 24.72% 22,26,52.0
451,2067 BS 1,District 1,TOTAL VOTE % Election,0,0.0
452,2067 BS 1,District 1,,0,0.0
453,2067 BS 1,District 1,Mario Bravo 22 57.89% 10,7,87.5
454,2067 BS 1,District 1,Roberto C. Treviño 16 42.11% 4,1,12.5
456,2070 BS 2,District 5,TOTAL VOTE % Election,0,0.0
457,2070 BS 2,District 5,,0,0.0
458,2070 BS 2,District 5,Teri Castillo 94 50.54% 29,23,42.59
459,2070 BS 2,District 5,Rudy Lopez 92 49.46% 31,31,57.41
461,2071 BS 2,District 5,TOTAL VOTE % Election,0,0.0
462,2071 BS 2,District 5,,0,0.0
463,2071 BS 2,District 5,Teri Castillo 24 48.00% 4,4,36.36
464,2071 BS 2,District 5,Rudy Lopez 26 52.00% 8,7,63.64
466,2073 BS 1,District 1,TOTAL VOTE % Election,0,0.0
467,2073 BS 1,District 1,,0,0.0
468,2073 BS 1,District 1,Mario Bravo 91 64.54% 31,19,57.58
469,2073 BS 1,District 1,Roberto C. Treviño 50 35.46% 5,14,42.42
471,2074 BS 2,District 5,TOTAL VOTE % Election,0,0.0
472,2074 BS 2,District 5,,0,0.0
473,2074 BS 2,District 5,Teri Castillo 14 48.28% 4,4,40.0
474,2074 BS 2,District 5,Rudy Lopez 15 51.72% 4,6,60.0
476,2075 BS 1,District 1,TOTAL VOTE % Election,0,0.0
477,2075 BS 1,District 1,,0,0.0
478,2075 BS 1,District 1,Mario Bravo 23 57.50% 6,4,57.14
479,2075 BS 1,District 1,Roberto C. Treviño 17 42.50% 4,3,42.86
481,2079 BS 2,District 5,TOTAL VOTE % Election,0,0.0
482,2079 BS 2,District 5,,0,0.0
483,2079 BS 2,District 5,Teri Castillo 31 77.50% 8,7,77.78
484,2079 BS 2,District 5,Rudy Lopez 9 22.50% 2,2,22.22
486,2080 BS 1,District 1,TOTAL VOTE % Election,0,0.0
487,2080 BS 1,District 1,,0,0.0
488,2080 BS 1,District 1,Mario Bravo 58 61.70% 18,9,50.0
489,2080 BS 1,District 1,Roberto C. Treviño 36 38.30% 14,9,50.0
491,2082 BS 1,District 1,TOTAL VOTE % Election,0,0.0
492,2082 BS 1,District 1,,0,0.0
493,2082 BS 1,District 1,Mario Bravo 87 54.72% 48,6,18.75
494,2082 BS 1,District 1,Roberto C. Treviño 72 45.28% 20,26,81.25
496,2085 BS 1,District 1,TOTAL VOTE % Election,0,0.0
497,2085 BS 1,District 1,,0,0.0
498,2085 BS 1,District 1,Mario Bravo 163 76.53% 46,13,48.15
499,2085 BS 1,District 1,Roberto C. Treviño 50 23.47% 12,14,51.85
501,2089 BS 2,District 5,TOTAL VOTE % Election,0,0.0
502,2089 BS 2,District 5,,0,0.0
503,2089 BS 2,District 5,Teri Castillo 13 59.09% 2,3,42.86
504,2089 BS 2,District 5,Rudy Lopez 9 40.91% 2,4,57.14
506,2092 BS 1,District 1,TOTAL VOTE % Election,0,0.0
507,2092 BS 1,District 1,,0,0.0
508,2092 BS 1,District 1,Mario Bravo 17 60.71% 5,1,100.0
509,2092 BS 1,District 1,Roberto C. Treviño 11 39.29% 7,0,0.0
511,2094 BS 1,District 1,TOTAL VOTE % Election,0,0.0
512,2094 BS 1,District 1,,0,0.0
513,2094 BS 1,District 1,Mario Bravo 16 66.67% 4,5,62.5
514,2094 BS 1,District 1,Roberto C. Treviño 8 33.33% 2,3,37.5
516,2100 BS 1,District 1,TOTAL VOTE % Election,0,0.0
517,2100 BS 1,District 1,,0,0.0
518,2100 BS 1,District 1,Mario Bravo 84 74.34% 22,11,52.38
519,2100 BS 1,District 1,Roberto C. Treviño 29 25.66% 9,10,47.62
521,2103 BS 2,District 5,TOTAL VOTE % Election,0,0.0
522,2103 BS 2,District 5,,0,0.0
523,2103 BS 2,District 5,Teri Castillo 2 33.33% 0,1,100.0
524,2103 BS 2,District 5,Rudy Lopez 4 66.67% 0,0,0.0
526,2104 BS 1,District 1,TOTAL VOTE % Election,0,0.0
527,2104 BS 1,District 1,,0,0.0
528,2104 BS 1,District 1,Mario Bravo 13 59.09% 4,2,33.33
529,2104 BS 1,District 1,Roberto C. Treviño 9 40.91% 2,4,66.67
531,2105 BS 2,District 5,TOTAL VOTE % Election,0,0.0
532,2105 BS 2,District 5,,0,0.0
533,2105 BS 2,District 5,Teri Castillo 29 64.44% 11,8,57.14
534,2105 BS 2,District 5,Rudy Lopez 16 35.56% 2,6,42.86
536,2109 BS 1,District 1,TOTAL VOTE % Election,0,
537,2109 BS 1,District 1,,0,
538,2109 BS 1,District 1,Mario Bravo 0 0,0,
539,2109 BS 1,District 1,Roberto C. Treviño 0 0,0,
541,2110 BS 1,District 1,TOTAL VOTE % Election,0,0.0
542,2110 BS 1,District 1,,0,0.0
543,2110 BS 1,District 1,Mario Bravo 80 63.49% 24,15,46.88
544,2110 BS 1,District 1,Roberto C. Treviño 46 36.51% 10,17,53.12
546,2114 BS 1,District 1,TOTAL VOTE % Election,0,0.0
547,2114 BS 1,District 1,,0,0.0
548,2114 BS 1,District 1,Mario Bravo 81 50.31% 25,24,55.81
549,2114 BS 1,District 1,Roberto C. Treviño 80 49.69% 13,19,44.19
551,2116 BS 1,District 1,TOTAL VOTE % Election,0,
552,2116 BS 1,District 1,,0,
553,2116 BS 1,District 1,Mario Bravo 0 0,0,
554,2116 BS 1,District 1,Roberto C. Treviño 0 0,0,
556,2117 BS 2,District 5,TOTAL VOTE % Election,0,0.0
557,2117 BS 2,District 5,,0,0.0
558,2117 BS 2,District 5,Teri Castillo 45 76.27% 15,9,64.29
559,2117 BS 2,District 5,Rudy Lopez 14 23.73% 1,5,35.71
561,2118 BS 2,District 5,TOTAL VOTE % Election,0,0.0
562,2118 BS 2,District 5,,0,0.0
563,2118 BS 2,District 5,Teri Castillo 1 33.33% 1,0,0.0
564,2118 BS 2,District 5,Rudy Lopez 2 66.67% 0,1,100.0
566,2121 BS 1,District 1,TOTAL VOTE % Election,0,0.0
567,2121 BS 1,District 1,,0,0.0
568,2121 BS 1,District 1,Mario Bravo 17 65.38% 5,2,100.0
569,2121 BS 1,District 1,Roberto C. Treviño 9 34.62% 1,0,0.0
571,2129 BS 1,District 1,TOTAL VOTE % Election,0,
572,2129 BS 1,District 1,,0,
573,2129 BS 1,District 1,Mario Bravo 0 0,0,
574,2129 BS 1,District 1,Roberto C. Treviño 0 0,0,
576,2131 BS 1,District 1,TOTAL VOTE % Election,0,0.0
577,2131 BS 1,District 1,,0,0.0
578,2131 BS 1,District 1,Mario Bravo 10 52.63% 5,2,50.0
579,2131 BS 1,District 1,Roberto C. Treviño 9 47.37% 2,2,50.0
581,2132 BS 1,District 1,TOTAL VOTE % Election,0,
582,2132 BS 1,District 1,,0,
583,2132 BS 1,District 1,Mario Bravo 0 0,0,
584,2132 BS 1,District 1,Roberto C. Treviño 0 0,0,
586,2135 BS 1,District 1,TOTAL VOTE % Election,0,0.0
587,2135 BS 1,District 1,,0,0.0
588,2135 BS 1,District 1,Mario Bravo 17 50.00% 6,1,12.5
589,2135 BS 1,District 1,Roberto C. Treviño 17 50.00% 7,7,87.5
591,2137 BS 1,District 1,TOTAL VOTE % Election,0,0.0
592,2137 BS 1,District 1,,0,0.0
593,2137 BS 1,District 1,Mario Bravo 75 51.02% 21,9,29.03
594,2137 BS 1,District 1,Roberto C. Treviño 72 48.98% 20,22,70.97
596,2138 BS 1,District 1,TOTAL VOTE % Election,0,0.0
597,2138 BS 1,District 1,,0,0.0
598,2138 BS 1,District 1,Mario Bravo 38 40.43% 13,6,40.0
599,2138 BS 1,District 1,Roberto C. Treviño 56 59.57% 20,9,60.0
601,2144 BS 1,District 1,TOTAL VOTE % Election,0,0.0
602,2144 BS 1,District 1,,0,0.0
603,2144 BS 1,District 1,Mario Bravo 92 42.99% 40,8,22.86
604,2144 BS 1,District 1,Roberto C. Treviño 122 57.01% 31,27,77.14
606,2150 BS 1,District 1,TOTAL VOTE % Election,0,
607,2150 BS 1,District 1,,0,
608,2150 BS 1,District 1,Mario Bravo 0 0,0,
609,2150 BS 1,District 1,Roberto C. Treviño 0 0,0,
611,2152 BS 1,District 1,TOTAL VOTE % Election,0,0.0
612,2152 BS 1,District 1,,0,0.0
613,2152 BS 1,District 1,Mario Bravo 14 36.84% 4,2,16.67
614,2152 BS 1,District 1,Roberto C. Treviño 24 63.16% 7,10,83.33
616,2155 BS 1,District 1,TOTAL VOTE % Election,0,
617,2155 BS 1,District 1,,0,
618,2155 BS 1,District 1,Mario Bravo 0 0,0,
619,2155 BS 1,District 1,Roberto C. Treviño 0 0,0,
621,3001 BS 5,District 9,TOTAL VOTE % Election,0,0.0
622,3001 BS 5,District 9,,0,0.0
623,3001 BS 5,District 9,Patrick Von Dohlen 237 46.47% 82,29,26.36
624,3001 BS 5,District 9,John Courage 273 53.53% 46,81,73.64
626,3004 BS 1,District 1,TOTAL VOTE % Election,0,
627,3004 BS 1,District 1,,0,
628,3004 BS 1,District 1,Mario Bravo 0 0,0,
629,3004 BS 1,District 1,Roberto C. Treviño 0 0,0,
631,3005 BS 5,District 9,TOTAL VOTE % Election,0,
632,3005 BS 5,District 9,,0,
633,3005 BS 5,District 9,Patrick Von Dohlen 0 0,0,
634,3005 BS 5,District 9,John Courage 0 0,0,
636,3006 BS 5,District 9,TOTAL VOTE % Election,0,0.0
637,3006 BS 5,District 9,,0,0.0
638,3006 BS 5,District 9,Patrick Von Dohlen 99 39.76% 49,5,11.63
639,3006 BS 5,District 9,John Courage 150 60.24% 41,38,88.37
641,3007 BS 5,District 9,TOTAL VOTE % Election,0,0.0
642,3007 BS 5,District 9,,0,0.0
643,3007 BS 5,District 9,Patrick Von Dohlen 234 53.55% 46,12,36.36
644,3007 BS 5,District 9,John Courage 203 46.45% 51,21,63.64
646,3011 BS 5,District 9,TOTAL VOTE % Election,0,0.0
647,3011 BS 5,District 9,,0,0.0
648,3011 BS 5,District 9,Patrick Von Dohlen 67 28.15% 26,13,22.03
649,3011 BS 5,District 9,John Courage 171 71.85% 44,46,77.97
651,3014 BS 5,District 9,TOTAL VOTE % Election,0,0.0
652,3014 BS 5,District 9,,0,0.0
653,3014 BS 5,District 9,Patrick Von Dohlen 44 44.44% 24,4,26.67
654,3014 BS 5,District 9,John Courage 55 55.56% 19,11,73.33
656,3030 BS 5,District 9,TOTAL VOTE % Election,0,0.0
657,3030 BS 5,District 9,,0,0.0
658,3030 BS 5,District 9,Patrick Von Dohlen 221 41.31% 75,12,17.14
659,3030 BS 5,District 9,John Courage 314 58.69% 93,58,82.86
661,3031 BS 5,District 9,TOTAL VOTE % Election,0,0.0
662,3031 BS 5,District 9,,0,0.0
663,3031 BS 5,District 9,Patrick Von Dohlen 2 33.33% 2,0,0.0
664,3031 BS 5,District 9,John Courage 4 66.67% 1,1,100.0
666,3033 BS 5,District 9,TOTAL VOTE % Election,0,0.0
667,3033 BS 5,District 9,,0,0.0
668,3033 BS 5,District 9,Patrick Von Dohlen 135 46.08% 31,20,30.3
669,3033 BS 5,District 9,John Courage 158 53.92% 29,46,69.7
671,3039 BS 5,District 9,TOTAL VOTE % Election,0,
672,3039 BS 5,District 9,,0,
673,3039 BS 5,District 9,Patrick Von Dohlen 0 0,0,
674,3039 BS 5,District 9,John Courage 0 0,0,
676,3042 BS 5,District 9,TOTAL VOTE % Election,0,0.0
677,3042 BS 5,District 9,,0,0.0
678,3042 BS 5,District 9,Patrick Von Dohlen 186 49.60% 72,7,15.91
679,3042 BS 5,District 9,John Courage 189 50.40% 46,37,84.09
681,3044 BS 5,District 9,TOTAL VOTE % Election,0,0.0
682,3044 BS 5,District 9,,0,0.0
683,3044 BS 5,District 9,Patrick Von Dohlen 113 43.13% 41,5,15.15
684,3044 BS 5,District 9,John Courage 149 56.87% 41,28,84.85
686,3045 BS 5,District 9,TOTAL VOTE % Election,0,0.0
687,3045 BS 5,District 9,,0,0.0
688,3045 BS 5,District 9,Patrick Von Dohlen 153 45.95% 41,12,24.0
689,3045 BS 5,District 9,John Courage 180 54.05% 34,38,76.0
691,3052 BS 5,District 9,TOTAL VOTE % Election,0,0.0
692,3052 BS 5,District 9,,0,0.0
693,3052 BS 5,District 9,Patrick Von Dohlen 340 57.63% 123,19,35.85
694,3052 BS 5,District 9,John Courage 250 42.37% 82,34,64.15
696,3053 BS 1,District 1,TOTAL VOTE % Election,0,0.0
697,3053 BS 1,District 1,,0,0.0
698,3053 BS 1,District 1,Mario Bravo 96 48.48% 29,38,42.7
699,3053 BS 1,District 1,Roberto C. Treviño 102 51.52% 8,51,57.3
701,3059 BS 5,District 9,TOTAL VOTE % Election,0,0.0
702,3059 BS 5,District 9,,0,0.0
703,3059 BS 5,District 9,Patrick Von Dohlen 156 66.95% 75,9,33.33
704,3059 BS 5,District 9,John Courage 77 33.05% 21,18,66.67
706,3062 BS 5,District 9,TOTAL VOTE % Election,0,0.0
707,3062 BS 5,District 9,,0,0.0
708,3062 BS 5,District 9,Patrick Von Dohlen 2 33.33% 1,0,0.0
709,3062 BS 5,District 9,John Courage 4 66.67% 0,3,100.0
711,3063 BS 5,District 9,TOTAL VOTE % Election,0,0.0
712,3063 BS 5,District 9,,0,0.0
713,3063 BS 5,District 9,Patrick Von Dohlen 149 34.81% 55,15,21.43
714,3063 BS 5,District 9,John Courage 279 65.19% 80,55,78.57
716,3064 BS 5,District 9,TOTAL VOTE % Election,0,0.0
717,3064 BS 5,District 9,,0,0.0
718,3064 BS 5,District 9,Patrick Von Dohlen 34 36.17% 15,3,20.0
719,3064 BS 5,District 9,John Courage 60 63.83% 19,12,80.0
721,3066 BS 5,District 9,TOTAL VOTE % Election,0,0.0
722,3066 BS 5,District 9,,0,0.0
723,3066 BS 5,District 9,Patrick Von Dohlen 163 37.47% 48,12,18.18
724,3066 BS 5,District 9,John Courage 272 62.53% 56,54,81.82
726,3068 BS 5,District 9,TOTAL VOTE % Election,0,0.0
727,3068 BS 5,District 9,,0,0.0
728,3068 BS 5,District 9,Patrick Von Dohlen 55 34.59% 24,2,14.29
729,3068 BS 5,District 9,John Courage 104 65.41% 35,12,85.71
731,3069 BS 5,District 9,TOTAL VOTE % Election,0,0.0
732,3069 BS 5,District 9,,0,0.0
733,3069 BS 5,District 9,Patrick Von Dohlen 217 31.82% 66,31,22.46
734,3069 BS 5,District 9,John Courage 465 68.18% 91,107,77.54
736,3076 BS 5,District 9,TOTAL VOTE % Election,0,0.0
737,3076 BS 5,District 9,,0,0.0
738,3076 BS 5,District 9,Patrick Von Dohlen 165 50.15% 55,8,23.53
739,3076 BS 5,District 9,John Courage 164 49.85% 31,26,76.47
741,3078 BS 5,District 9,TOTAL VOTE % Election,0,0.0
742,3078 BS 5,District 9,,0,0.0
743,3078 BS 5,District 9,Patrick Von Dohlen 202 39.07% 67,19,23.75
744,3078 BS 5,District 9,John Courage 315 60.93% 91,61,76.25
746,3079 BS 5,District 9,TOTAL VOTE % Election,0,0.0
747,3079 BS 5,District 9,,0,0.0
748,3079 BS 5,District 9,Patrick Von Dohlen 280 40.35% 61,27,26.21
749,3079 BS 5,District 9,John Courage 414 59.65% 93,76,73.79
751,3080 BS 5,District 9,TOTAL VOTE % Election,0,0.0
752,3080 BS 5,District 9,,0,0.0
753,3080 BS 5,District 9,Patrick Von Dohlen 112 44.44% 37,2,7.69
754,3080 BS 5,District 9,John Courage 140 55.56% 20,24,92.31
756,3081 BS 5,District 9,TOTAL VOTE % Election,0,0.0
757,3081 BS 5,District 9,,0,0.0
758,3081 BS 5,District 9,Patrick Von Dohlen 187 43.29% 31,15,29.41
759,3081 BS 5,District 9,John Courage 245 56.71% 33,36,70.59
761,3083 BS 5,District 9,TOTAL VOTE % Election,0,0.0
762,3083 BS 5,District 9,,0,0.0
763,3083 BS 5,District 9,Patrick Von Dohlen 165 46.48% 46,9,16.07
764,3083 BS 5,District 9,John Courage 190 53.52% 24,47,83.93
766,3093 BS 5,District 9,TOTAL VOTE % Election,0,0.0
767,3093 BS 5,District 9,,0,0.0
768,3093 BS 5,District 9,Patrick Von Dohlen 392 51.11% 159,24,34.78
769,3093 BS 5,District 9,John Courage 375 48.89% 114,45,65.22
771,3102 BS 5,District 9,TOTAL VOTE % Election,0,0.0
772,3102 BS 5,District 9,,0,0.0
773,3102 BS 5,District 9,Patrick Von Dohlen 282 41.23% 97,29,27.36
774,3102 BS 5,District 9,John Courage 402 58.77% 98,77,72.64
776,3104 BS 5,District 9,TOTAL VOTE % Election,0,0.0
777,3104 BS 5,District 9,,0,0.0
778,3104 BS 5,District 9,Patrick Von Dohlen 285 44.19% 66,18,18.95
779,3104 BS 5,District 9,John Courage 360 55.81% 53,77,81.05
781,3111 BS 5,District 9,TOTAL VOTE % Election,0,
782,3111 BS 5,District 9,,0,
783,3111 BS 5,District 9,Patrick Von Dohlen 0 0,0,
784,3111 BS 5,District 9,John Courage 0 0,0,
786,3114 BS 5,District 9,TOTAL VOTE % Election,0,0.0
787,3114 BS 5,District 9,,0,0.0
788,3114 BS 5,District 9,Patrick Von Dohlen 350 52.40% 84,26,32.5
789,3114 BS 5,District 9,John Courage 318 47.60% 37,54,67.5
791,3117 BS 5,District 9,TOTAL VOTE % Election,0,0.0
792,3117 BS 5,District 9,,0,0.0
793,3117 BS 5,District 9,Patrick Von Dohlen 420 47.51% 79,20,19.61
794,3117 BS 5,District 9,John Courage 464 52.49% 68,82,80.39
796,3119 BS 5,District 9,TOTAL VOTE % Election,0,0.0
797,3119 BS 5,District 9,,0,0.0
798,3119 BS 5,District 9,Patrick Von Dohlen 244 42.66% 103,22,27.16
799,3119 BS 5,District 9,John Courage 328 57.34% 102,59,72.84
801,3121 BS 5,District 9,TOTAL VOTE % Election,0,0.0
802,3121 BS 5,District 9,,0,0.0
803,3121 BS 5,District 9,Patrick Von Dohlen 230 47.42% 74,22,33.85
804,3121 BS 5,District 9,John Courage 255 52.58% 85,43,66.15
806,3122 BS 5,District 9,TOTAL VOTE % Election,0,0.0
807,3122 BS 5,District 9,,0,0.0
808,3122 BS 5,District 9,Patrick Von Dohlen 162 41.22% 49,9,15.52
809,3122 BS 5,District 9,John Courage 231 58.78% 46,49,84.48
811,3123 BS 5,District 9,TOTAL VOTE % Election,0,
812,3123 BS 5,District 9,,0,
813,3123 BS 5,District 9,Patrick Von Dohlen 0 0,0,
814,3123 BS 5,District 9,John Courage 0 0,0,
816,3125 BS 5,District 9,TOTAL VOTE % Election,0,
817,3125 BS 5,District 9,,0,
818,3125 BS 5,District 9,Patrick Von Dohlen 0 0,0,
819,3125 BS 5,District 9,John Courage 0 0,0,
821,3130 BS 5,District 9,TOTAL VOTE % Election,0,0.0
822,3130 BS 5,District 9,,0,0.0
823,3130 BS 5,District 9,Patrick Von Dohlen 234 49.58% 98,16,21.62
824,3130 BS 5,District 9,John Courage 238 50.42% 52,58,78.38
826,3131 BS 5,District 9,TOTAL VOTE % Election,0,
827,3131 BS 5,District 9,,0,
828,3131 BS 5,District 9,Patrick Von Dohlen 0 0,0,
829,3131 BS 5,District 9,John Courage 0 0,0,
831,3132 BS 5,District 9,TOTAL VOTE % Election,0,0.0
832,3132 BS 5,District 9,,0,0.0
833,3132 BS 5,District 9,Patrick Von Dohlen 30 35.71% 16,3,25.0
834,3132 BS 5,District 9,John Courage 54 64.29% 18,9,75.0
836,3136 BS 1,District 1,TOTAL VOTE % Election,0,0.0
837,3136 BS 1,District 1,,0,0.0
838,3136 BS 1,District 1,Mario Bravo 37 48.68% 7,4,25.0
839,3136 BS 1,District 1,Roberto C. Treviño 39 51.32% 7,12,75.0
841,3137 BS 5,District 9,TOTAL VOTE % Election,0,
842,3137 BS 5,District 9,,0,
843,3137 BS 5,District 9,Patrick Von Dohlen 1 25.00% 0,0,
844,3137 BS 5,District 9,John Courage 3 75.00% 0,0,
846,3138 BS 5,District 9,TOTAL VOTE % Election,0,0.0
847,3138 BS 5,District 9,,0,0.0
848,3138 BS 5,District 9,Patrick Von Dohlen 8 80.00% 4,1,50.0
849,3138 BS 5,District 9,John Courage 2 20.00% 1,1,50.0
851,3145 BS 5,District 9,TOTAL VOTE % Election,0,0.0
852,3145 BS 5,District 9,,0,0.0
853,3145 BS 5,District 9,Patrick Von Dohlen 227 49.24% 79,9,16.07
854,3145 BS 5,District 9,John Courage 234 50.76% 54,47,83.93
856,3150 BS 5,District 9,TOTAL VOTE % Election,0,0.0
857,3150 BS 5,District 9,,0,0.0
858,3150 BS 5,District 9,Patrick Von Dohlen 0 0.00% 0,0,0.0
859,3150 BS 5,District 9,John Courage 8 100.00% 2,4,100.0
861,3154 BS 5,District 9,TOTAL VOTE % Election,0,0.0
862,3154 BS 5,District 9,,0,0.0
863,3154 BS 5,District 9,Patrick Von Dohlen 247 48.43% 52,22,26.83
864,3154 BS 5,District 9,John Courage 263 51.57% 35,60,73.17
866,3155 BS 5,District 9,TOTAL VOTE % Election,0,0.0
867,3155 BS 5,District 9,,0,0.0
868,3155 BS 5,District 9,Patrick Von Dohlen 237 57.95% 88,7,20.59
869,3155 BS 5,District 9,John Courage 172 42.05% 54,27,79.41
871,3161 BS 5,District 9,TOTAL VOTE % Election,0,0.0
872,3161 BS 5,District 9,,0,0.0
873,3161 BS 5,District 9,Patrick Von Dohlen 118 42.45% 30,9,22.5
874,3161 BS 5,District 9,John Courage 160 57.55% 37,31,77.5
876,3163 BS 5,District 9,TOTAL VOTE % Election,0,0.0
877,3163 BS 5,District 9,,0,0.0
878,3163 BS 5,District 9,Patrick Von Dohlen 223 54.13% 87,4,10.81
879,3163 BS 5,District 9,John Courage 189 45.87% 49,33,89.19
881,3164 BS 5,District 9,TOTAL VOTE % Election,0,
882,3164 BS 5,District 9,,0,
883,3164 BS 5,District 9,Patrick Von Dohlen 0 0.00% 0,0,
884,3164 BS 5,District 9,John Courage 2 100.00% 2,0,
886,3165 BS 5,District 9,TOTAL VOTE % Election,0,0.0
887,3165 BS 5,District 9,,0,0.0
888,3165 BS 5,District 9,Patrick Von Dohlen 393 54.21% 101,14,23.33
889,3165 BS 5,District 9,John Courage 332 45.79% 64,46,76.67
891,3166 BS 1,District 1,TOTAL VOTE % Election,0,0.0
892,3166 BS 1,District 1,,0,0.0
893,3166 BS 1,District 1,Mario Bravo 47 51.65% 23,5,33.33
894,3166 BS 1,District 1,Roberto C. Treviño 44 48.35% 17,10,66.67
896,3173 BS 5,District 9,TOTAL VOTE % Election,0,0.0
897,3173 BS 5,District 9,,0,0.0
898,3173 BS 5,District 9,Patrick Von Dohlen 240 51.50% 80,10,25.64
899,3173 BS 5,District 9,John Courage 226 48.50% 49,29,74.36
901,3178 BS 4,District 2,TOTAL VOTE % Election,0,
902,3178 BS 4,District 2,,0,
903,3178 BS 4,District 2,Jada Andrews-Sullivan 0 0,0,
904,3178 BS 4,District 2,Jalen McKee-Rodriguez 0 0,0,
906,3179 BS 5,District 9,TOTAL VOTE % Election,0,
907,3179 BS 5,District 9,,0,
908,3179 BS 5,District 9,Patrick Von Dohlen 0 0,0,
909,3179 BS 5,District 9,John Courage 0 0,0,
911,3180 BS 5,District 9,TOTAL VOTE % Election,0,0.0
912,3180 BS 5,District 9,,0,0.0
913,3180 BS 5,District 9,Patrick Von Dohlen 73 37.44% 16,6,22.22
914,3180 BS 5,District 9,John Courage 122 62.56% 32,21,77.78
916,3181 BS 5,District 9,TOTAL VOTE % Election,0,0.0
917,3181 BS 5,District 9,,0,0.0
918,3181 BS 5,District 9,Patrick Von Dohlen 301 55.54% 114,21,33.87
919,3181 BS 5,District 9,John Courage 241 44.46% 47,41,66.13
921,3182 BS 5,District 9,TOTAL VOTE % Election,0,0.0
922,3182 BS 5,District 9,,0,0.0
923,3182 BS 5,District 9,Patrick Von Dohlen 61 42.07% 23,8,21.05
924,3182 BS 5,District 9,John Courage 84 57.93% 19,30,78.95
926,3192 BS 5,District 9,TOTAL VOTE % Election,0,
927,3192 BS 5,District 9,,0,
928,3192 BS 5,District 9,Patrick Von Dohlen 0 0,0,
929,3192 BS 5,District 9,John Courage 0 0,0,
931,3193 BS 5,District 9,TOTAL VOTE % Election,0,0.0
932,3193 BS 5,District 9,,0,0.0
933,3193 BS 5,District 9,Patrick Von Dohlen 10 38.46% 3,0,0.0
934,3193 BS 5,District 9,John Courage 16 61.54% 3,1,100.0
936,3201 BS 5,District 9,TOTAL VOTE % Election,0,
937,3201 BS 5,District 9,,0,
938,3201 BS 5,District 9,Patrick Von Dohlen 0 0,0,
939,3201 BS 5,District 9,John Courage 0 0,0,
941,3204 BS 1,District 1,TOTAL VOTE % Election,0,
942,3204 BS 1,District 1,,0,
943,3204 BS 1,District 1,Mario Bravo 0 0,0,
944,3204 BS 1,District 1,Roberto C. Treviño 0 0,0,
946,3205 BS 1,District 1,TOTAL VOTE % Election,0,
947,3205 BS 1,District 1,,0,
948,3205 BS 1,District 1,Mario Bravo 0 0,0,
949,3205 BS 1,District 1,Roberto C. Treviño 0 0,0,
951,3206 BS 4,District 2,TOTAL VOTE % Election,0,
952,3206 BS 4,District 2,,0,
953,3206 BS 4,District 2,Jada Andrews-Sullivan 1 9.09% 0,0,
954,3206 BS 4,District 2,Jalen McKee-Rodriguez 10 90.91% 2,0,
956,3207 BS 4,District 2,TOTAL VOTE % Election,0,
957,3207 BS 4,District 2,,0,
958,3207 BS 4,District 2,Jada Andrews-Sullivan 0 0,0,
959,3207 BS 4,District 2,Jalen McKee-Rodriguez 0 0,0,
961,3208 BS 1,District 1,TOTAL VOTE % Election,0,
962,3208 BS 1,District 1,,0,
963,3208 BS 1,District 1,Mario Bravo 3 75.00% 0,0,
964,3208 BS 1,District 1,Roberto C. Treviño 1 25.00% 0,0,
966,4001 BS 1,District 1,TOTAL VOTE % Election,0,0.0
967,4001 BS 1,District 1,,0,0.0
968,4001 BS 1,District 1,Mario Bravo 140 54.47% 35,35,60.34
969,4001 BS 1,District 1,Roberto C. Treviño 117 45.53% 29,23,39.66
971,4002 BS 4,District 2,TOTAL VOTE % Election,0,0.0
972,4002 BS 4,District 2,,0,0.0
973,4002 BS 4,District 2,Jada Andrews-Sullivan 13 22.81% 1,3,27.27
974,4002 BS 4,District 2,Jalen McKee-Rodriguez 44 77.19% 14,8,72.73
976,4003 BS 4,District 2,TOTAL VOTE % Election,0,0.0
977,4003 BS 4,District 2,,0,0.0
978,4003 BS 4,District 2,Jada Andrews-Sullivan 24 24.00% 3,6,60.0
979,4003 BS 4,District 2,Jalen McKee-Rodriguez 76 76.00% 29,4,40.0
981,4004 BS 4,District 2,TOTAL VOTE % Election,0,0.0
982,4004 BS 4,District 2,,0,0.0
983,4004 BS 4,District 2,Jada Andrews-Sullivan 32 24.62% 3,5,38.46
984,4004 BS 4,District 2,Jalen McKee-Rodriguez 98 75.38% 21,8,61.54
986,4005 BS 4,District 2,TOTAL VOTE % Election,0,0.0
987,4005 BS 4,District 2,,0,0.0
988,4005 BS 4,District 2,Jada Andrews-Sullivan 33 17.10% 10,6,31.58
989,4005 BS 4,District 2,Jalen McKee-Rodriguez 160 82.90% 55,13,68.42
991,4006 BS 4,District 2,TOTAL VOTE % Election,0,0.0
992,4006 BS 4,District 2,,0,0.0
993,4006 BS 4,District 2,Jada Andrews-Sullivan 13 20.97% 5,2,40.0
994,4006 BS 4,District 2,Jalen McKee-Rodriguez 49 79.03% 15,3,60.0
996,4007 BS 4,District 2,TOTAL VOTE % Election,0,0.0
997,4007 BS 4,District 2,,0,0.0
998,4007 BS 4,District 2,Jada Andrews-Sullivan 2 20.00% 2,0,0.0
999,4007 BS 4,District 2,Jalen McKee-Rodriguez 8 80.00% 3,1,100.0
1001,4008 BS 4,District 2,TOTAL VOTE % Election,0,0.0
1002,4008 BS 4,District 2,,0,0.0
1003,4008 BS 4,District 2,Jada Andrews-Sullivan 17 18.28% 3,5,45.45
1004,4008 BS 4,District 2,Jalen McKee-Rodriguez 76 81.72% 27,6,54.55
1006,4009 BS 4,District 2,TOTAL VOTE % Election,0,0.0
1007,4009 BS 4,District 2,,0,0.0
1008,4009 BS 4,District 2,Jada Andrews-Sullivan 17 28.81% 5,6,85.71
1009,4009 BS 4,District 2,Jalen McKee-Rodriguez 42 71.19% 8,1,14.29
1011,4010 BS 4,District 2,TOTAL VOTE % Election,0,0.0
1012,4010 BS 4,District 2,,0,0.0
1013,4010 BS 4,District 2,Jada Andrews-Sullivan 32 39.02% 3,12,57.14
1014,4010 BS 4,District 2,Jalen McKee-Rodriguez 50 60.98% 14,9,42.86
1016,4011 BS 4,District 2,TOTAL VOTE % Election,0,0.0
1017,4011 BS 4,District 2,,0,0.0
1018,4011 BS 4,District 2,Jada Andrews-Sullivan 34 41.46% 12,8,61.54
1019,4011 BS 4,District 2,Jalen McKee-Rodriguez 48 58.54% 15,5,38.46
1021,4012 BS 4,District 2,TOTAL VOTE % Election,0,0.0
1022,4012 BS 4,District 2,,0,0.0
1023,4012 BS 4,District 2,Jada Andrews-Sullivan 25 41.67% 8,5,55.56
1024,4012 BS 4,District 2,Jalen McKee-Rodriguez 35 58.33% 8,4,44.44
1026,4013 BS 3,District 3,TOTAL VOTE % Election,0,0.0
1027,4013 BS 3,District 3,,0,0.0
1028,4013 BS 3,District 3,Tomas Uresti 23 35.94% 7,9,40.91
1029,4013 BS 3,District 3,Phyllis Viagran 41 64.06% 9,13,59.09
1031,4014 BS 4,District 2,TOTAL VOTE % Election,0,0.0
1032,4014 BS 4,District 2,,0,0.0
1033,4014 BS 4,District 2,Jada Andrews-Sullivan 5 22.73% 2,2,40.0
1034,4014 BS 4,District 2,Jalen McKee-Rodriguez 17 77.27% 5,3,60.0
1036,4015 BS 1,District 1,TOTAL VOTE % Election,0,0.0
1037,4015 BS 1,District 1,,0,0.0
1038,4015 BS 1,District 1,Mario Bravo 89 44.72% 27,11,45.83
1039,4015 BS 1,District 1,Roberto C. Treviño 110 55.28% 24,13,54.17
1041,4016 BS 3,District 3,TOTAL VOTE % Election,0,0.0
1042,4016 BS 3,District 3,,0,0.0
1043,4016 BS 3,District 3,Tomas Uresti 78 42.39% 20,22,40.74
1044,4016 BS 3,District 3,Phyllis Viagran 106 57.61% 33,32,59.26
1046,4017 BS 1,District 1,TOTAL VOTE % Election,0,0.0
1047,4017 BS 1,District 1,,0,0.0
1048,4017 BS 1,District 1,Mario Bravo 157 53.22% 50,18,54.55
1049,4017 BS 1,District 1,Roberto C. Treviño 138 46.78% 52,15,45.45
1051,4018 BS 1,District 1,TOTAL VOTE % Election,0,0.0
1052,4018 BS 1,District 1,,0,0.0
1053,4018 BS 1,District 1,Mario Bravo 138 54.55% 34,11,42.31
1054,4018 BS 1,District 1,Roberto C. Treviño 115 45.45% 25,15,57.69
1056,4019 BS 3,District 3,TOTAL VOTE % Election,0,0.0
1057,4019 BS 3,District 3,,0,0.0
1058,4019 BS 3,District 3,Tomas Uresti 47 34.56% 12,16,39.02
1059,4019 BS 3,District 3,Phyllis Viagran 89 65.44% 24,25,60.98
1061,4020 BS 3,District 3,TOTAL VOTE % Election,0,0.0
1062,4020 BS 3,District 3,,0,0.0
1063,4020 BS 3,District 3,Tomas Uresti 5 20.83% 0,2,14.29
1064,4020 BS 3,District 3,Phyllis Viagran 19 79.17% 2,12,85.71
1066,4021 BS 4,District 2,TOTAL VOTE % Election,0,0.0
1067,4021 BS 4,District 2,,0,0.0
1068,4021 BS 4,District 2,Jada Andrews-Sullivan 18 28.12% 6,8,36.36
1069,4021 BS 4,District 2,Jalen McKee-Rodriguez 46 71.88% 18,14,63.64
1071,4023 BS 3,District 3,TOTAL VOTE % Election,0,0.0
1072,4023 BS 3,District 3,,0,0.0
1073,4023 BS 3,District 3,Tomas Uresti 58 37.66% 14,20,33.33
1074,4023 BS 3,District 3,Phyllis Viagran 96 62.34% 20,40,66.67
1076,4024 BS 3,District 3,TOTAL VOTE % Election,0,0.0
1077,4024 BS 3,District 3,,0,0.0
1078,4024 BS 3,District 3,Tomas Uresti 71 42.77% 26,12,23.53
1079,4024 BS 3,District 3,Phyllis Viagran 95 57.23% 23,39,76.47
1081,4025 BS 3,District 3,TOTAL VOTE % Election,0,0.0
1082,4025 BS 3,District 3,,0,0.0
1083,4025 BS 3,District 3,Tomas Uresti 31 37.35% 6,9,33.33
1084,4025 BS 3,District 3,Phyllis Viagran 52 62.65% 14,18,66.67
1086,4026 BS 3,District 3,TOTAL VOTE % Election,0,0.0
1087,4026 BS 3,District 3,,0,0.0
1088,4026 BS 3,District 3,Tomas Uresti 73 32.74% 11,25,33.78
1089,4026 BS 3,District 3,Phyllis Viagran 150 67.26% 31,49,66.22
1091,4027 BS 3,District 3,TOTAL VOTE % Election,0,0.0
1092,4027 BS 3,District 3,,0,0.0
1093,4027 BS 3,District 3,Tomas Uresti 50 35.46% 14,15,32.61
1094,4027 BS 3,District 3,Phyllis Viagran 91 64.54% 6,31,67.39
1096,4028 BS 3,District 3,TOTAL VOTE % Election,0,0.0
1097,4028 BS 3,District 3,,0,0.0
1098,4028 BS 3,District 3,Tomas Uresti 96 44.44% 29,23,36.51
1099,4028 BS 3,District 3,Phyllis Viagran 120 55.56% 29,40,63.49
1101,4029 BS 4,District 2,TOTAL VOTE % Election,0,0.0
1102,4029 BS 4,District 2,,0,0.0
1103,4029 BS 4,District 2,Jada Andrews-Sullivan 35 24.48% 9,12,35.29
1104,4029 BS 4,District 2,Jalen McKee-Rodriguez 108 75.52% 30,22,64.71
1106,4030 BS 4,District 2,TOTAL VOTE % Election,0,0.0
1107,4030 BS 4,District 2,,0,0.0
1108,4030 BS 4,District 2,Jada Andrews-Sullivan 16 55.17% 2,6,60.0
1109,4030 BS 4,District 2,Jalen McKee-Rodriguez 13 44.83% 2,4,40.0
1111,4031 BS 3,District 3,TOTAL VOTE % Election,0,0.0
1112,4031 BS 3,District 3,,0,0.0
1113,4031 BS 3,District 3,Tomas Uresti 44 39.64% 8,12,34.29
1114,4031 BS 3,District 3,Phyllis Viagran 67 60.36% 12,23,65.71
1116,4032 BS 3,District 3,TOTAL VOTE % Election,0,0.0
1117,4032 BS 3,District 3,,0,0.0
1118,4032 BS 3,District 3,Tomas Uresti 40 30.30% 14,13,30.95
1119,4032 BS 3,District 3,Phyllis Viagran 92 69.70% 12,29,69.05
1121,4033 BS 3,District 3,TOTAL VOTE % Election,0,0.0
1122,4033 BS 3,District 3,,0,0.0
1123,4033 BS 3,District 3,Tomas Uresti 89 37.40% 27,30,37.97
1124,4033 BS 3,District 3,Phyllis Viagran 149 62.60% 38,49,62.03
1126,4034 BS 3,District 3,TOTAL VOTE % Election,0,0.0
1127,4034 BS 3,District 3,,0,0.0
1128,4034 BS 3,District 3,Tomas Uresti 52 39.69% 12,20,35.09
1129,4034 BS 3,District 3,Phyllis Viagran 79 60.31% 13,37,64.91
1131,4035 BS 4,District 2,TOTAL VOTE % Election,0,
1132,4035 BS 4,District 2,,0,
1133,4035 BS 4,District 2,Jada Andrews-Sullivan 0 0,0,
1134,4035 BS 4,District 2,Jalen McKee-Rodriguez 0 0,0,
1136,4036 BS 4,District 2,TOTAL VOTE % Election,0,0.0
1137,4036 BS 4,District 2,,0,0.0
1138,4036 BS 4,District 2,Jada Andrews-Sullivan 146 47.71% 22,38,53.52
1139,4036 BS 4,District 2,Jalen McKee-Rodriguez 160 52.29% 15,33,46.48
1141,4037 BS 4,District 2,TOTAL VOTE % Election,0,0.0
1142,4037 BS 4,District 2,,0,0.0
1143,4037 BS 4,District 2,Jada Andrews-Sullivan 78 61.42% 9,17,56.67
1144,4037 BS 4,District 2,Jalen McKee-Rodriguez 49 38.58% 10,13,43.33
1146,4039 BS 4,District 2,TOTAL VOTE % Election,0,0.0
1147,4039 BS 4,District 2,,0,0.0
1148,4039 BS 4,District 2,Jada Andrews-Sullivan 90 56.60% 18,18,66.67
1149,4039 BS 4,District 2,Jalen McKee-Rodriguez 69 43.40% 14,9,33.33
1151,4040 BS 4,District 2,TOTAL VOTE % Election,0,0.0
1152,4040 BS 4,District 2,,0,0.0
1153,4040 BS 4,District 2,Jada Andrews-Sullivan 65 50.39% 13,18,56.25
1154,4040 BS 4,District 2,Jalen McKee-Rodriguez 64 49.61% 13,14,43.75
1156,4041 BS 4,District 2,TOTAL VOTE % Election,0,0.0
1157,4041 BS 4,District 2,,0,0.0
1158,4041 BS 4,District 2,Jada Andrews-Sullivan 127 60.48% 17,30,66.67
1159,4041 BS 4,District 2,Jalen McKee-Rodriguez 83 39.52% 9,15,33.33
1161,4042 BS 4,District 2,TOTAL VOTE % Election,0,
1162,4042 BS 4,District 2,,0,
1163,4042 BS 4,District 2,Jada Andrews-Sullivan 2 40.00% 1,0,
1164,4042 BS 4,District 2,Jalen McKee-Rodriguez 3 60.00% 3,0,
1166,4044 BS 4,District 2,TOTAL VOTE % Election,0,0.0
1167,4044 BS 4,District 2,,0,0.0
1168,4044 BS 4,District 2,Jada Andrews-Sullivan 31 33.33% 12,15,62.5
1169,4044 BS 4,District 2,Jalen McKee-Rodriguez 62 66.67% 22,9,37.5
1171,4045 BS 4,District 2,TOTAL VOTE % Election,0,0.0
1172,4045 BS 4,District 2,,0,0.0
1173,4045 BS 4,District 2,Jada Andrews-Sullivan 52 23.96% 19,14,22.95
1174,4045 BS 4,District 2,Jalen McKee-Rodriguez 165 76.04% 41,47,77.05
1176,4047 BS 4,District 2,TOTAL VOTE % Election,0,0.0
1177,4047 BS 4,District 2,,0,0.0
1178,4047 BS 4,District 2,Jada Andrews-Sullivan 41 26.11% 12,15,40.54
1179,4047 BS 4,District 2,Jalen McKee-Rodriguez 116 73.89% 33,22,59.46
1181,4048 BS 3,District 3,TOTAL VOTE % Election,0,0.0
1182,4048 BS 3,District 3,,0,0.0
1183,4048 BS 3,District 3,Tomas Uresti 51 36.17% 9,14,34.15
1184,4048 BS 3,District 3,Phyllis Viagran 90 63.83% 23,27,65.85
1186,4049 BS 4,District 2,TOTAL VOTE % Election,0,0.0
1187,4049 BS 4,District 2,,0,0.0
1188,4049 BS 4,District 2,Jada Andrews-Sullivan 52 40.62% 19,13,43.33
1189,4049 BS 4,District 2,Jalen McKee-Rodriguez 76 59.38% 23,17,56.67
1191,4062 BS 3,District 3,TOTAL VOTE % Election,0,0.0
1192,4062 BS 3,District 3,,0,0.0
1193,4062 BS 3,District 3,Tomas Uresti 10 34.48% 0,7,36.84
1194,4062 BS 3,District 3,Phyllis Viagran 19 65.52% 0,12,63.16
1196,4063 BS 4,District 2,TOTAL VOTE % Election,0,0.0
1197,4063 BS 4,District 2,,0,0.0
1198,4063 BS 4,District 2,Jada Andrews-Sullivan 15 29.41% 1,10,66.67
1199,4063 BS 4,District 2,Jalen McKee-Rodriguez 36 70.59% 7,5,33.33
1201,4065 BS 4,District 2,TOTAL VOTE % Election,0,0.0
1202,4065 BS 4,District 2,,0,0.0
1203,4065 BS 4,District 2,Jada Andrews-Sullivan 74 41.11% 28,14,42.42
1204,4065 BS 4,District 2,Jalen McKee-Rodriguez 106 58.89% 41,19,57.58
1206,4068 BS 4,District 2,TOTAL VOTE % Election,0,0.0
1207,4068 BS 4,District 2,,0,0.0
1208,4068 BS 4,District 2,Jada Andrews-Sullivan 4 50.00% 0,2,66.67
1209,4068 BS 4,District 2,Jalen McKee-Rodriguez 4 50.00% 1,1,33.33
1211,4070 BS 4,District 2,TOTAL VOTE % Election,0,0.0
1212,4070 BS 4,District 2,,0,0.0
1213,4070 BS 4,District 2,Jada Andrews-Sullivan 126 42.71% 30,18,40.91
1214,4070 BS 4,District 2,Jalen McKee-Rodriguez 169 57.29% 31,26,59.09
1216,4075 BS 4,District 2,TOTAL VOTE % Election,0,0.0
1217,4075 BS 4,District 2,,0,0.0
1218,4075 BS 4,District 2,Jada Andrews-Sullivan 8 20.51% 2,0,0.0
1219,4075 BS 4,District 2,Jalen McKee-Rodriguez 31 79.49% 11,7,100.0
1221,4076 BS 4,District 2,TOTAL VOTE % Election,0,0.0
1222,4076 BS 4,District 2,,0,0.0
1223,4076 BS 4,District 2,Jada Andrews-Sullivan 51 34.93% 21,14,48.28
1224,4076 BS 4,District 2,Jalen McKee-Rodriguez 95 65.07% 38,15,51.72
1226,4077 BS 4,District 2,TOTAL VOTE % Election,0,0.0
1227,4077 BS 4,District 2,,0,0.0
1228,4077 BS 4,District 2,Jada Andrews-Sullivan 75 37.31% 15,12,57.14
1229,4077 BS 4,District 2,Jalen McKee-Rodriguez 126 62.69% 32,9,42.86
1231,4082 BS 4,District 2,TOTAL VOTE % Election,0,0.0
1232,4082 BS 4,District 2,,0,0.0
1233,4082 BS 4,District 2,Jada Andrews-Sullivan 50 48.54% 8,15,53.57
1234,4082 BS 4,District 2,Jalen McKee-Rodriguez 53 51.46% 7,13,46.43
1236,4084 BS 4,District 2,TOTAL VOTE % Election,0,0.0
1237,4084 BS 4,District 2,,0,0.0
1238,4084 BS 4,District 2,Jada Andrews-Sullivan 28 60.87% 7,4,44.44
1239,4084 BS 4,District 2,Jalen McKee-Rodriguez 18 39.13% 1,5,55.56
1241,4091 BS 4,District 2,TOTAL VOTE % Election,0,0.0
1242,4091 BS 4,District 2,,0,0.0
1243,4091 BS 4,District 2,Jada Andrews-Sullivan 22 25.29% 3,1,6.25
1244,4091 BS 4,District 2,Jalen McKee-Rodriguez 65 74.71% 11,15,93.75
1246,4101 BS 4,District 2,TOTAL VOTE % Election,0,
1247,4101 BS 4,District 2,,0,
1248,4101 BS 4,District 2,Jada Andrews-Sullivan 0 0,0,
1249,4101 BS 4,District 2,Jalen McKee-Rodriguez 0 0,0,
1251,4102 BS 4,District 2,TOTAL VOTE % Election,0,0.0
1252,4102 BS 4,District 2,,0,0.0
1253,4102 BS 4,District 2,Jada Andrews-Sullivan 4 11.76% 2,1,10.0
1254,4102 BS 4,District 2,Jalen McKee-Rodriguez 30 88.24% 6,9,90.0
1256,4103 BS 3,District 3,TOTAL VOTE % Election,0,
1257,4103 BS 3,District 3,,0,
1258,4103 BS 3,District 3,Tomas Uresti 0 0,0,
1259,4103 BS 3,District 3,Phyllis Viagran 0 0,0,
1261,4106 BS 4,District 2,TOTAL VOTE % Election,0,0.0
1262,4106 BS 4,District 2,,0,0.0
1263,4106 BS 4,District 2,Jada Andrews-Sullivan 11 50.00% 1,7,63.64
1264,4106 BS 4,District 2,Jalen McKee-Rodriguez 11 50.00% 3,4,36.36
1266,4110 BS 4,District 2,TOTAL VOTE % Election,0,0.0
1267,4110 BS 4,District 2,,0,0.0
1268,4110 BS 4,District 2,Jada Andrews-Sullivan 30 15.46% 9,4,30.77
1269,4110 BS 4,District 2,Jalen McKee-Rodriguez 164 84.54% 52,9,69.23
1271,4111 BS 4,District 2,TOTAL VOTE % Election,0,0.0
1272,4111 BS 4,District 2,,0,0.0
1273,4111 BS 4,District 2,Jada Andrews-Sullivan 9 90.00% 1,1,100.0
1274,4111 BS 4,District 2,Jalen McKee-Rodriguez 1 10.00% 1,0,0.0
1276,4113 BS 4,District 2,TOTAL VOTE % Election,0,0.0
1277,4113 BS 4,District 2,,0,0.0
1278,4113 BS 4,District 2,Jada Andrews-Sullivan 38 49.35% 11,7,53.85
1279,4113 BS 4,District 2,Jalen McKee-Rodriguez 39 50.65% 11,6,46.15
1281,4117 BS 4,District 2,TOTAL VOTE % Election,0,0.0
1282,4117 BS 4,District 2,,0,0.0
1283,4117 BS 4,District 2,Jada Andrews-Sullivan 21 32.81% 6,8,38.1
1284,4117 BS 4,District 2,Jalen McKee-Rodriguez 43 67.19% 7,13,61.9
1286,4119 BS 4,District 2,TOTAL VOTE % Election,0,0.0
1287,4119 BS 4,District 2,,0,0.0
1288,4119 BS 4,District 2,Jada Andrews-Sullivan 9 17.31% 3,0,0.0
1289,4119 BS 4,District 2,Jalen McKee-Rodriguez 43 82.69% 17,2,100.0
1291,4120 BS 4,District 2,TOTAL VOTE % Election,0,0.0
1292,4120 BS 4,District 2,,0,0.0
1293,4120 BS 4,District 2,Jada Andrews-Sullivan 14 77.78% 5,6,66.67
1294,4120 BS 4,District 2,Jalen McKee-Rodriguez 4 22.22% 0,3,33.33
1296,4122 BS 4,District 2,TOTAL VOTE % Election,0,0.0
1297,4122 BS 4,District 2,,0,0.0
1298,4122 BS 4,District 2,Jada Andrews-Sullivan 1 6.25% 0,0,0.0
1299,4122 BS 4,District 2,Jalen McKee-Rodriguez 15 93.75% 1,7,100.0
1301,4123 BS 4,District 2,TOTAL VOTE % Election,0,0.0
1302,4123 BS 4,District 2,,0,0.0
1303,4123 BS 4,District 2,Jada Andrews-Sullivan 5 27.78% 0,0,0.0
1304,4123 BS 4,District 2,Jalen McKee-Rodriguez 13 72.22% 4,1,100.0
1306,4124 BS 3,District 3,TOTAL VOTE % Election,0,0.0
1307,4124 BS 3,District 3,,0,0.0
1308,4124 BS 3,District 3,Tomas Uresti 39 33.05% 6,14,35.0
1309,4124 BS 3,District 3,Phyllis Viagran 79 66.95% 8,26,65.0
1311,4125 BS 4,District 2,TOTAL VOTE % Election,0,0.0
1312,4125 BS 4,District 2,,0,0.0
1313,4125 BS 4,District 2,Jada Andrews-Sullivan 1 33.33% 0,0,0.0
1314,4125 BS 4,District 2,Jalen McKee-Rodriguez 2 66.67% 0,1,100.0
1316,4127 BS 4,District 2,TOTAL VOTE % Election,0,
1317,4127 BS 4,District 2,,0,
1318,4127 BS 4,District 2,Jada Andrews-Sullivan 0 0,0,
1319,4127 BS 4,District 2,Jalen McKee-Rodriguez 0 0,0,
1321,4128 BS 4,District 2,TOTAL VOTE % Election,0,0.0
1322,4128 BS 4,District 2,,0,0.0
1323,4128 BS 4,District 2,Jada Andrews-Sullivan 10 33.33% 6,0,0.0
1324,4128 BS 4,District 2,Jalen McKee-Rodriguez 20 66.67% 1,3,100.0
1326,4131 BS 4,District 2,TOTAL VOTE % Election,0,0.0
1327,4131 BS 4,District 2,,0,0.0
1328,4131 BS 4,District 2,Jada Andrews-Sullivan 2 20.00% 1,1,50.0
1329,4131 BS 4,District 2,Jalen McKee-Rodriguez 8 80.00% 4,1,50.0
1331,4134 BS 4,District 2,TOTAL VOTE % Election,0,
1332,4134 BS 4,District 2,,0,
1333,4134 BS 4,District 2,Jada Andrews-Sullivan 0 0,0,
1334,4134 BS 4,District 2,Jalen McKee-Rodriguez 0 0,0,
1336,4135 BS 4,District 2,TOTAL VOTE % Election,0,
1337,4135 BS 4,District 2,,0,
1338,4135 BS 4,District 2,Jada Andrews-Sullivan 0 0,0,
1339,4135 BS 4,District 2,Jalen McKee-Rodriguez 0 0,0,
1341,4136 BS 4,District 2,TOTAL VOTE % Election,0,
1342,4136 BS 4,District 2,,0,
1343,4136 BS 4,District 2,Jada Andrews-Sullivan 2 33.33% 0,0,
1344,4136 BS 4,District 2,Jalen McKee-Rodriguez 4 66.67% 3,0,
1346,4139 BS 4,District 2,TOTAL VOTE % Election,0,
1347,4139 BS 4,District 2,,0,
1348,4139 BS 4,District 2,Jada Andrews-Sullivan 0 0,0,
1349,4139 BS 4,District 2,Jalen McKee-Rodriguez 0 0,0,
1351,4141 BS 4,District 2,TOTAL VOTE % Election,0,0.0
1352,4141 BS 4,District 2,,0,0.0
1353,4141 BS 4,District 2,Jada Andrews-Sullivan 5 55.56% 0,3,75.0
1354,4141 BS 4,District 2,Jalen McKee-Rodriguez 4 44.44% 0,1,25.0
1356,4142 BS 4,District 2,TOTAL VOTE % Election,0,0.0
1357,4142 BS 4,District 2,,0,0.0
1358,4142 BS 4,District 2,Jada Andrews-Sullivan 18 60.00% 6,3,27.27
1359,4142 BS 4,District 2,Jalen McKee-Rodriguez 12 40.00% 1,8,72.73
1361,4147 BS 4,District 2,TOTAL VOTE % Election,0,0.0
1362,4147 BS 4,District 2,,0,0.0
1363,4147 BS 4,District 2,Jada Andrews-Sullivan 13 46.43% 5,0,0.0
1364,4147 BS 4,District 2,Jalen McKee-Rodriguez 15 53.57% 1,3,100.0
1366,4149 BS 4,District 2,TOTAL VOTE % Election,0,0.0
1367,4149 BS 4,District 2,,0,0.0
1368,4149 BS 4,District 2,Jada Andrews-Sullivan 8 53.33% 4,0,0.0
1369,4149 BS 4,District 2,Jalen McKee-Rodriguez 7 46.67% 2,2,100.0
1371,4153 BS 3,District 3,TOTAL VOTE % Election,0,0.0
1372,4153 BS 3,District 3,,0,0.0
1373,4153 BS 3,District 3,Tomas Uresti 4 50.00% 0,2,100.0
1374,4153 BS 3,District 3,Phyllis Viagran 4 50.00% 0,0,0.0
1376,4154 BS 4,District 2,TOTAL VOTE % Election,0,0.0
1377,4154 BS 4,District 2,,0,0.0
1378,4154 BS 4,District 2,Jada Andrews-Sullivan 22 47.83% 7,7,63.64
1379,4154 BS 4,District 2,Jalen McKee-Rodriguez 24 52.17% 10,4,36.36
1381,4155 BS 1,District 1,TOTAL VOTE % Election,0,0.0
1382,4155 BS 1,District 1,,0,0.0
1383,4155 BS 1,District 1,Mario Bravo 152 43.30% 64,13,44.83
1384,4155 BS 1,District 1,Roberto C. Treviño 199 56.70% 54,16,55.17
1386,4156 BS 4,District 2,TOTAL VOTE % Election,0,0.0
1387,4156 BS 4,District 2,,0,0.0
1388,4156 BS 4,District 2,Jada Andrews-Sullivan 27 54.00% 13,1,20.0
1389,4156 BS 4,District 2,Jalen McKee-Rodriguez 23 46.00% 11,4,80.0
1391,4157 BS 1,District 1,TOTAL VOTE % Election,0,0.0
1392,4157 BS 1,District 1,,0,0.0
1393,4157 BS 1,District 1,Mario Bravo 106 43.62% 38,15,48.39
1394,4157 BS 1,District 1,Roberto C. Treviño 137 56.38% 42,16,51.61
1396,4159 BS 4,District 2,TOTAL VOTE % Election,0,0.0
1397,4159 BS 4,District 2,,0,0.0
1398,4159 BS 4,District 2,Jada Andrews-Sullivan 2 100.00% 0,2,100.0
1399,4159 BS 4,District 2,Jalen McKee-Rodriguez 0 0.00% 0,0,0.0
1401,4161 BS 4,District 2,TOTAL VOTE % Election,0,0.0
1402,4161 BS 4,District 2,,0,0.0
1403,4161 BS 4,District 2,Jada Andrews-Sullivan 15 62.50% 7,3,75.0
1404,4161 BS 4,District 2,Jalen McKee-Rodriguez 9 37.50% 5,1,25.0
1406,4165 BS 3,District 3,TOTAL VOTE % Election,0,0.0
1407,4165 BS 3,District 3,,0,0.0
1408,4165 BS 3,District 3,Tomas Uresti 1 100.00% 0,1,100.0
1409,4165 BS 3,District 3,Phyllis Viagran 0 0.00% 0,0,0.0
1411,4166 BS 4,District 2,TOTAL VOTE % Election,0,0.0
1412,4166 BS 4,District 2,,0,0.0
1413,4166 BS 4,District 2,Jada Andrews-Sullivan 0 0.00% 0,0,0.0
1414,4166 BS 4,District 2,Jalen McKee-Rodriguez 6 100.00% 5,1,100.0
1416,4167 BS 4,District 2,TOTAL VOTE % Election,0,
1417,4167 BS 4,District 2,,0,
1418,4167 BS 4,District 2,Jada Andrews-Sullivan 1 50.00% 0,0,
1419,4167 BS 4,District 2,Jalen McKee-Rodriguez 1 50.00% 0,0,
1421,4175 BS 4,District 2,TOTAL VOTE % Election,0,
1422,4175 BS 4,District 2,,0,
1423,4175 BS 4,District 2,Jada Andrews-Sullivan 0 0,0,
1424,4175 BS 4,District 2,Jalen McKee-Rodriguez 0 0,0,
1426,4177 BS 4,District 2,TOTAL VOTE % Election,0,
1427,4177 BS 4,District 2,,0,
1428,4177 BS 4,District 2,Jada Andrews-Sullivan 4 100.00% 0,0,
1429,4177 BS 4,District 2,Jalen McKee-Rodriguez 0 0.00% 0,0,
1431,4178 BS 4,District 2,TOTAL VOTE % Election,0,
1432,4178 BS 4,District 2,,0,
1433,4178 BS 4,District 2,Jada Andrews-Sullivan 0 0.00% 0,0,
1434,4178 BS 4,District 2,Jalen McKee-Rodriguez 1 100.00% 0,0,
1436,4180 BS 3,District 3,TOTAL VOTE % Election,0,
1437,4180 BS 3,District 3,,0,
1438,4180 BS 3,District 3,Tomas Uresti 0 0,0,
1439,4180 BS 3,District 3,Phyllis Viagran 0 0,0,
1441,4181 BS 4,District 2,TOTAL VOTE % Election,0,0.0
1442,4181 BS 4,District 2,,0,0.0
1443,4181 BS 4,District 2,Jada Andrews-Sullivan 0 0.00% 0,0,0.0
1444,4181 BS 4,District 2,Jalen McKee-Rodriguez 1 100.00% 0,1,100.0
1446,4183 BS 4,District 2,TOTAL VOTE % Election,0,0.0
1447,4183 BS 4,District 2,,0,0.0
1448,4183 BS 4,District 2,Jada Andrews-Sullivan 2 11.76% 1,0,0.0
1449,4183 BS 4,District 2,Jalen McKee-Rodriguez 15 88.24% 8,1,100.0
1451,4184 BS 4,District 2,TOTAL VOTE % Election,0,
1452,4184 BS 4,District 2,,0,
1453,4184 BS 4,District 2,Jada Andrews-Sullivan 0 0.00% 0,0,
1454,4184 BS 4,District 2,Jalen McKee-Rodriguez 2 100.00% 0,0,
1456,4186 BS 4,District 2,TOTAL VOTE % Election,0,0.0
1457,4186 BS 4,District 2,,0,0.0
1458,4186 BS 4,District 2,Jada Andrews-Sullivan 8 40.00% 5,2,66.67
1459,4186 BS 4,District 2,Jalen McKee-Rodriguez 12 60.00% 3,1,33.33
1461,4190 BS 4,District 2,TOTAL VOTE % Election,0,
1462,4190 BS 4,District 2,,0,
1463,4190 BS 4,District 2,Jada Andrews-Sullivan 0 0,0,
1464,4190 BS 4,District 2,Jalen McKee-Rodriguez 0 0,0,
1466,4193 BS 4,District 2,TOTAL VOTE % Election,0,0.0
1467,4193 BS 4,District 2,,0,0.0
1468,4193 BS 4,District 2,Jada Andrews-Sullivan 1 50.00% 0,1,100.0
1469,4193 BS 4,District 2,Jalen McKee-Rodriguez 1 50.00% 0,0,0.0
1471,4200 BS 3,District 3,TOTAL VOTE % Election,0,0.0
1472,4200 BS 3,District 3,,0,0.0
1473,4200 BS 3,District 3,Tomas Uresti 60 36.81% 23,4,14.29
1474,4200 BS 3,District 3,Phyllis Viagran 103 63.19% 32,24,85.71
1476,4202 BS 3,District 3,TOTAL VOTE % Election,0,
1477,4202 BS 3,District 3,,0,
1478,4202 BS 3,District 3,Tomas Uresti 0 0,0,
1479,4202 BS 3,District 3,Phyllis Viagran 0 0,0,
1481,4203 BS 1,District 1,TOTAL VOTE % Election,0,
1482,4203 BS 1,District 1,,0,
1483,4203 BS 1,District 1,Mario Bravo 8 53.33% 5,0,
1484,4203 BS 1,District 1,Roberto C. Treviño 7 46.67% 2,0,
1486,4204 BS 3,District 3,TOTAL VOTE % Election,0,
1487,4204 BS 3,District 3,,0,
1488,4204 BS 3,District 3,Tomas Uresti 0 0,0,
1489,4204 BS 3,District 3,Phyllis Viagran 0 0,0,
1491,4206 BS 4,District 2,TOTAL VOTE % Election,0,
1492,4206 BS 4,District 2,,0,
1493,4206 BS 4,District 2,Jada Andrews-Sullivan 1 20.00% 0,0,
1494,4206 BS 4,District 2,Jalen McKee-Rodriguez 4 80.00% 2,0,
1496,4207 BS 4,District 2,TOTAL VOTE % Election,0,
1497,4207 BS 4,District 2,,0,
1498,4207 BS 4,District 2,Jada Andrews-Sullivan 0 0,0,
1499,4207 BS 4,District 2,Jalen McKee-Rodriguez 0 0,0,
1501,4208 BS 3,District 3,TOTAL VOTE % Election,0,
1502,4208 BS 3,District 3,,0,
1503,4208 BS 3,District 3,Tomas Uresti 0 0,0,
1504,4208 BS 3,District 3,Phyllis Viagran 0 0,0,
1506,4211 BS 1,District 1,TOTAL VOTE % Election,0,
1507,4211 BS 1,District 1,,0,
1508,4211 BS 1,District 1,Mario Bravo 4 100.00% 1,0,
1509,4211 BS 1,District 1,Roberto C. Treviño 0 0.00% 0,0,
1511,4212 BS 4,District 2,TOTAL VOTE % Election,0,
1512,4212 BS 4,District 2,,0,
1513,4212 BS 4,District 2,Jada Andrews-Sullivan 0 0,0,
1514,4212 BS 4,District 2,Jalen McKee-Rodriguez 0 0,0,
1516,4213 BS 4,District 2,TOTAL VOTE % Election,0,
1517,4213 BS 4,District 2,,0,
1518,4213 BS 4,District 2,Jada Andrews-Sullivan 0 0,0,
1519,4213 BS 4,District 2,Jalen McKee-Rodriguez 0 0,0,
