Precinct,Race,Candidate,Total Votes
1001,"For Council, City of San Antonio, District 1",Vote,For
1001,"For Council, City of San Antonio, District 1",TOTAL,VOTE
1001,"For Council, City of San Antonio, District 1",Sukh Kaur,72
1001,"For Council, City of San Antonio, District 1",Mario Bravo,31
1008,"For Council, City of San Antonio, District 1",Vote,For
1008,"For Council, City of San Antonio, District 1",TOTAL,VOTE
1008,"For Council, City of San Antonio, District 1",Sukh Kaur,173
1008,"For Council, City of San Antonio, District 1",Mario Bravo,119
2004,"For Council, City of San Antonio, District 1",Vote,For
2004,"For Council, City of San Antonio, District 1",TOTAL,VOTE
2004,"For Council, City of San Antonio, District 1",Sukh Kaur,81
2004,"For Council, City of San Antonio, District 1",Mario Bravo,25
2005,"For Council, City of San Antonio, District 7",Vote,For
2005,"For Council, City of San Antonio, District 7",TOTAL,VOTE
2005,"For Council, City of San Antonio, District 7",Dan Rossiter,25
2005,"For Council, City of San Antonio, District 7",Marina Alderete Gavito,57
2006,"For Council, City of San Antonio, District 1",Vote,For
2006,"For Council, City of San Antonio, District 1",TOTAL,VOTE
2006,"For Council, City of San Antonio, District 1",Sukh Kaur,1
2006,"For Council, City of San Antonio, District 1",Mario Bravo,1
2010,"For Council, City of San Antonio, District 1",Vote,For
2010,"For Council, City of San Antonio, District 1",TOTAL,VOTE
2010,"For Council, City of San Antonio, District 1",Sukh Kaur,70
2010,"For Council, City of San Antonio, District 1",Mario Bravo,66
2013,"For Council, City of San Antonio, District 7",Vote,For
2013,"For Council, City of San Antonio, District 7",TOTAL,VOTE
2013,"For Council, City of San Antonio, District 7",Dan Rossiter,16
2013,"For Council, City of San Antonio, District 7",Marina Alderete Gavito,53
2014,"For Council, City of San Antonio, District 7",Vote,For
2014,"For Council, City of San Antonio, District 7",TOTAL,VOTE
2014,"For Council, City of San Antonio, District 7",Dan Rossiter,19
2014,"For Council, City of San Antonio, District 7",Marina Alderete Gavito,58
2023,"For Council, City of San Antonio, District 7",Vote,For
2023,"For Council, City of San Antonio, District 7",TOTAL,VOTE
2023,"For Council, City of San Antonio, District 7",Dan Rossiter,32
2023,"For Council, City of San Antonio, District 7",Marina Alderete Gavito,105
2024,"For Council, City of San Antonio, District 7",Vote,For
2024,"For Council, City of San Antonio, District 7",TOTAL,VOTE
2024,"For Council, City of San Antonio, District 7",Dan Rossiter,30
2024,"For Council, City of San Antonio, District 7",Marina Alderete Gavito,64
2025,"For Council, City of San Antonio, District 7",Vote,For
2025,"For Council, City of San Antonio, District 7",TOTAL,VOTE
2025,"For Council, City of San Antonio, District 7",Dan Rossiter,81
2025,"For Council, City of San Antonio, District 7",Marina Alderete Gavito,141
2026,"For Council, City of San Antonio, District 7",Vote,For
2026,"For Council, City of San Antonio, District 7",TOTAL,VOTE
2026,"For Council, City of San Antonio, District 7",Dan Rossiter,57
2026,"For Council, City of San Antonio, District 7",Marina Alderete Gavito,108
2027,"For Council, City of San Antonio, District 7",Vote,For
2027,"For Council, City of San Antonio, District 7",TOTAL,VOTE
2027,"For Council, City of San Antonio, District 7",Dan Rossiter,62
2027,"For Council, City of San Antonio, District 7",Marina Alderete Gavito,126
2028,"For Council, City of San Antonio, District 7",Vote,For
2028,"For Council, City of San Antonio, District 7",TOTAL,VOTE
2028,"For Council, City of San Antonio, District 7",Dan Rossiter,96
2028,"For Council, City of San Antonio, District 7",Marina Alderete Gavito,169
2035,"For Council, City of San Antonio, District 1",Vote,For
2035,"For Council, City of San Antonio, District 1",TOTAL,VOTE
2035,"For Council, City of San Antonio, District 1",Sukh Kaur,204
2035,"For Council, City of San Antonio, District 1",Mario Bravo,129
2036,"For Council, City of San Antonio, District 1",Vote,For
2036,"For Council, City of San Antonio, District 1",TOTAL,VOTE
2036,"For Council, City of San Antonio, District 1",Sukh Kaur,284
2036,"For Council, City of San Antonio, District 1",Mario Bravo,148
2037,"For Council, City of San Antonio, District 7",Vote,For
2037,"For Council, City of San Antonio, District 7",TOTAL,VOTE
2037,"For Council, City of San Antonio, District 7",Dan Rossiter,76
2037,"For Council, City of San Antonio, District 7",Marina Alderete Gavito,82
2038,"For Council, City of San Antonio, District 1",Vote,For
2038,"For Council, City of San Antonio, District 1",TOTAL,VOTE
2038,"For Council, City of San Antonio, District 1",Sukh Kaur,141
2038,"For Council, City of San Antonio, District 1",Mario Bravo,66
2039,"For Council, City of San Antonio, District 1",Vote,For
2039,"For Council, City of San Antonio, District 1",TOTAL,VOTE
2039,"For Council, City of San Antonio, District 1",Sukh Kaur,109
2039,"For Council, City of San Antonio, District 1",Mario Bravo,87
2040,"For Council, City of San Antonio, District 7",Vote,For
2040,"For Council, City of San Antonio, District 7",TOTAL,VOTE
2040,"For Council, City of San Antonio, District 7",Dan Rossiter,58
2040,"For Council, City of San Antonio, District 7",Marina Alderete Gavito,109
2041,"For Council, City of San Antonio, District 7",Vote,For
2041,"For Council, City of San Antonio, District 7",TOTAL,VOTE
2041,"For Council, City of San Antonio, District 7",Dan Rossiter,45
2041,"For Council, City of San Antonio, District 7",Marina Alderete Gavito,99
2042,"For Council, City of San Antonio, District 7",Vote,For
2042,"For Council, City of San Antonio, District 7",TOTAL,VOTE
2042,"For Council, City of San Antonio, District 7",Dan Rossiter,24
2042,"For Council, City of San Antonio, District 7",Marina Alderete Gavito,40
2045,"For Council, City of San Antonio, District 7",Vote,For
2045,"For Council, City of San Antonio, District 7",TOTAL,VOTE
2045,"For Council, City of San Antonio, District 7",Dan Rossiter,52
2045,"For Council, City of San Antonio, District 7",Marina Alderete Gavito,161
2046,"For Council, City of San Antonio, District 7",Vote,For
2046,"For Council, City of San Antonio, District 7",TOTAL,VOTE
2046,"For Council, City of San Antonio, District 7",Dan Rossiter,93
2046,"For Council, City of San Antonio, District 7",Marina Alderete Gavito,207
2047,"For Council, City of San Antonio, District 7",Vote,For
2047,"For Council, City of San Antonio, District 7",TOTAL,VOTE
2047,"For Council, City of San Antonio, District 7",Dan Rossiter,54
2047,"For Council, City of San Antonio, District 7",Marina Alderete Gavito,133
2048,"For Council, City of San Antonio, District 1",Vote,For
2048,"For Council, City of San Antonio, District 1",TOTAL,VOTE
2048,"For Council, City of San Antonio, District 1",Sukh Kaur,46
2048,"For Council, City of San Antonio, District 1",Mario Bravo,53
2050,"For Council, City of San Antonio, District 7",Vote,For
2050,"For Council, City of San Antonio, District 7",TOTAL,VOTE
2050,"For Council, City of San Antonio, District 7",Dan Rossiter,58
2050,"For Council, City of San Antonio, District 7",Marina Alderete Gavito,98
2051,"For Council, City of San Antonio, District 1",Vote,For
2051,"For Council, City of San Antonio, District 1",TOTAL,VOTE
2051,"For Council, City of San Antonio, District 1",Sukh Kaur,22
2051,"For Council, City of San Antonio, District 1",Mario Bravo,16
2052,"For Council, City of San Antonio, District 1",Vote,For
2052,"For Council, City of San Antonio, District 1",TOTAL,VOTE
2052,"For Council, City of San Antonio, District 1",Sukh Kaur,27
2052,"For Council, City of San Antonio, District 1",Mario Bravo,39
2053,"For Council, City of San Antonio, District 1",Vote,For
2053,"For Council, City of San Antonio, District 1",TOTAL,VOTE
2053,"For Council, City of San Antonio, District 1",Sukh Kaur,61
2053,"For Council, City of San Antonio, District 1",Mario Bravo,26
2054,"For Council, City of San Antonio, District 1",Vote,For
2054,"For Council, City of San Antonio, District 1",TOTAL,VOTE
2054,"For Council, City of San Antonio, District 1",Sukh Kaur,146
2054,"For Council, City of San Antonio, District 1",Mario Bravo,83
2055,"For Council, City of San Antonio, District 1",Vote,For
2055,"For Council, City of San Antonio, District 1",TOTAL,VOTE
2055,"For Council, City of San Antonio, District 1",Sukh Kaur,149
2055,"For Council, City of San Antonio, District 1",Mario Bravo,51
2056,"For Council, City of San Antonio, District 1",Vote,For
2056,"For Council, City of San Antonio, District 1",TOTAL,VOTE
2056,"For Council, City of San Antonio, District 1",Sukh Kaur,57
2056,"For Council, City of San Antonio, District 1",Mario Bravo,72
2057,"For Council, City of San Antonio, District 1",Vote,For
2057,"For Council, City of San Antonio, District 1",TOTAL,VOTE
2057,"For Council, City of San Antonio, District 1",Sukh Kaur,69
2057,"For Council, City of San Antonio, District 1",Mario Bravo,46
2058,"For Council, City of San Antonio, District 1",Vote,For
2058,"For Council, City of San Antonio, District 1",TOTAL,VOTE
2058,"For Council, City of San Antonio, District 1",Sukh Kaur,69
2058,"For Council, City of San Antonio, District 1",Mario Bravo,85
2059,"For Council, City of San Antonio, District 1",Vote,For
2059,"For Council, City of San Antonio, District 1",TOTAL,VOTE
2059,"For Council, City of San Antonio, District 1",Sukh Kaur,76
2059,"For Council, City of San Antonio, District 1",Mario Bravo,58
2060,"For Council, City of San Antonio, District 1",Vote,For
2060,"For Council, City of San Antonio, District 1",TOTAL,VOTE
2060,"For Council, City of San Antonio, District 1",Sukh Kaur,98
2060,"For Council, City of San Antonio, District 1",Mario Bravo,37
2062,"For Council, City of San Antonio, District 1",Vote,For
2062,"For Council, City of San Antonio, District 1",TOTAL,VOTE
2062,"For Council, City of San Antonio, District 1",Sukh Kaur,63
2062,"For Council, City of San Antonio, District 1",Mario Bravo,108
2064,"For Council, City of San Antonio, District 1",Vote,For
2064,"For Council, City of San Antonio, District 1",TOTAL,VOTE
2064,"For Council, City of San Antonio, District 1",Sukh Kaur,114
2064,"For Council, City of San Antonio, District 1",Mario Bravo,150
2066,"For Council, City of San Antonio, District 7",Vote,For
2066,"For Council, City of San Antonio, District 7",TOTAL,VOTE
2066,"For Council, City of San Antonio, District 7",Dan Rossiter,164
2066,"For Council, City of San Antonio, District 7",Marina Alderete Gavito,234
2067,"For Council, City of San Antonio, District 1",Vote,For
2067,"For Council, City of San Antonio, District 1",TOTAL,VOTE
2067,"For Council, City of San Antonio, District 1",Sukh Kaur,21
2067,"For Council, City of San Antonio, District 1",Mario Bravo,14
2073,"For Council, City of San Antonio, District 1",Vote,For
2073,"For Council, City of San Antonio, District 1",TOTAL,VOTE
2073,"For Council, City of San Antonio, District 1",Sukh Kaur,55
2073,"For Council, City of San Antonio, District 1",Mario Bravo,61
2076,"For Council, City of San Antonio, District 7",Vote,For
2076,"For Council, City of San Antonio, District 7",TOTAL,VOTE
2076,"For Council, City of San Antonio, District 7",Dan Rossiter,64
2076,"For Council, City of San Antonio, District 7",Marina Alderete Gavito,83
2080,"For Council, City of San Antonio, District 1",Vote,For
2080,"For Council, City of San Antonio, District 1",TOTAL,VOTE
2080,"For Council, City of San Antonio, District 1",Sukh Kaur,46
2080,"For Council, City of San Antonio, District 1",Mario Bravo,49
2081,"For Council, City of San Antonio, District 7",Vote,For
2081,"For Council, City of San Antonio, District 7",TOTAL,VOTE
2081,"For Council, City of San Antonio, District 7",Dan Rossiter,22
2081,"For Council, City of San Antonio, District 7",Marina Alderete Gavito,27
2082,"For Council, City of San Antonio, District 1",Vote,For
2082,"For Council, City of San Antonio, District 1",TOTAL,VOTE
2082,"For Council, City of San Antonio, District 1",Sukh Kaur,58
2082,"For Council, City of San Antonio, District 1",Mario Bravo,69
2083,"For Council, City of San Antonio, District 7",Vote,For
2083,"For Council, City of San Antonio, District 7",TOTAL,VOTE
2083,"For Council, City of San Antonio, District 7",Dan Rossiter,48
2083,"For Council, City of San Antonio, District 7",Marina Alderete Gavito,61
2084,"For Council, City of San Antonio, District 7",Vote,For
2084,"For Council, City of San Antonio, District 7",TOTAL,VOTE
2084,"For Council, City of San Antonio, District 7",Dan Rossiter,278
2084,"For Council, City of San Antonio, District 7",Marina Alderete Gavito,264
2085,"For Council, City of San Antonio, District 1",Vote,For
2085,"For Council, City of San Antonio, District 1",TOTAL,VOTE
2085,"For Council, City of San Antonio, District 1",Sukh Kaur,61
2085,"For Council, City of San Antonio, District 1",Mario Bravo,82
2086,"For Council, City of San Antonio, District 7",Vote,For
2086,"For Council, City of San Antonio, District 7",TOTAL,VOTE
2086,"For Council, City of San Antonio, District 7",Dan Rossiter,122
2086,"For Council, City of San Antonio, District 7",Marina Alderete Gavito,170
2090,"For Council, City of San Antonio, District 7",Vote,For
2090,"For Council, City of San Antonio, District 7",TOTAL,VOTE
2090,"For Council, City of San Antonio, District 7",Dan Rossiter,6
2090,"For Council, City of San Antonio, District 7",Marina Alderete Gavito,26
2091,"For Council, City of San Antonio, District 7",Vote,For
2091,"For Council, City of San Antonio, District 7",TOTAL,VOTE
2091,"For Council, City of San Antonio, District 7",Dan Rossiter,26
2091,"For Council, City of San Antonio, District 7",Marina Alderete Gavito,63
2092,"For Council, City of San Antonio, District 1",Vote,For
2092,"For Council, City of San Antonio, District 1",TOTAL,VOTE
2092,"For Council, City of San Antonio, District 1",Sukh Kaur,20
2092,"For Council, City of San Antonio, District 1",Mario Bravo,7
2094,"For Council, City of San Antonio, District 1",Vote,For
2094,"For Council, City of San Antonio, District 1",TOTAL,VOTE
2094,"For Council, City of San Antonio, District 1",Sukh Kaur,25
2094,"For Council, City of San Antonio, District 1",Mario Bravo,4
2096,"For Council, City of San Antonio, District 7",Vote,For
2096,"For Council, City of San Antonio, District 7",TOTAL,VOTE
2096,"For Council, City of San Antonio, District 7",Dan Rossiter,29
2096,"For Council, City of San Antonio, District 7",Marina Alderete Gavito,32
2099,"For Council, City of San Antonio, District 7",Vote,For
2099,"For Council, City of San Antonio, District 7",TOTAL,VOTE
2099,"For Council, City of San Antonio, District 7",Dan Rossiter,50
2099,"For Council, City of San Antonio, District 7",Marina Alderete Gavito,75
2100,"For Council, City of San Antonio, District 1",Vote,For
2100,"For Council, City of San Antonio, District 1",TOTAL,VOTE
2100,"For Council, City of San Antonio, District 1",Sukh Kaur,40
2100,"For Council, City of San Antonio, District 1",Mario Bravo,55
2104,"For Council, City of San Antonio, District 1",Vote,For
2104,"For Council, City of San Antonio, District 1",TOTAL,VOTE
2104,"For Council, City of San Antonio, District 1",Sukh Kaur,16
2104,"For Council, City of San Antonio, District 1",Mario Bravo,3
2108,"For Council, City of San Antonio, District 7",Vote,For
2108,"For Council, City of San Antonio, District 7",TOTAL,VOTE
2108,"For Council, City of San Antonio, District 7",Dan Rossiter,98
2108,"For Council, City of San Antonio, District 7",Marina Alderete Gavito,78
2109,"For Council, City of San Antonio, District 1",Vote,For
2109,"For Council, City of San Antonio, District 1",TOTAL,VOTE
2109,"For Council, City of San Antonio, District 1",Sukh,Kaur
2109,"For Council, City of San Antonio, District 1",Mario,Bravo
2110,"For Council, City of San Antonio, District 7",Vote,For
2110,"For Council, City of San Antonio, District 7",TOTAL,VOTE
2110,"For Council, City of San Antonio, District 7",Dan Rossiter,56
2110,"For Council, City of San Antonio, District 7",Marina Alderete Gavito,65
2114,"For Council, City of San Antonio, District 1",Vote,For
2114,"For Council, City of San Antonio, District 1",TOTAL,VOTE
2114,"For Council, City of San Antonio, District 1",Sukh Kaur,76
2114,"For Council, City of San Antonio, District 1",Mario Bravo,70
2116,"For Council, City of San Antonio, District 1",Vote,For
2116,"For Council, City of San Antonio, District 1",TOTAL,VOTE
2116,"For Council, City of San Antonio, District 1",Sukh,Kaur
2116,"For Council, City of San Antonio, District 1",Mario,Bravo
2119,"For Council, City of San Antonio, District 7",Vote,For
2119,"For Council, City of San Antonio, District 7",TOTAL,VOTE
2119,"For Council, City of San Antonio, District 7",Dan Rossiter,2
2119,"For Council, City of San Antonio, District 7",Marina Alderete Gavito,4
2121,"For Council, City of San Antonio, District 1",Vote,For
2121,"For Council, City of San Antonio, District 1",TOTAL,VOTE
2121,"For Council, City of San Antonio, District 1",Sukh Kaur,18
2121,"For Council, City of San Antonio, District 1",Mario Bravo,4
2123,"For Council, City of San Antonio, District 7",Vote,For
2123,"For Council, City of San Antonio, District 7",TOTAL,VOTE
2123,"For Council, City of San Antonio, District 7",Dan Rossiter,24
2123,"For Council, City of San Antonio, District 7",Marina Alderete Gavito,36
2124,"For Council, City of San Antonio, District 7",Vote,For
2124,"For Council, City of San Antonio, District 7",TOTAL,VOTE
2124,"For Council, City of San Antonio, District 7",Dan Rossiter,34
2124,"For Council, City of San Antonio, District 7",Marina Alderete Gavito,54
2126,"For Council, City of San Antonio, District 7",Vote,For
2126,"For Council, City of San Antonio, District 7",TOTAL,VOTE
2126,"For Council, City of San Antonio, District 7",Dan Rossiter,18
2126,"For Council, City of San Antonio, District 7",Marina Alderete Gavito,18
2129,"For Council, City of San Antonio, District 1",Vote,For
2129,"For Council, City of San Antonio, District 1",TOTAL,VOTE
2129,"For Council, City of San Antonio, District 1",Sukh,Kaur
2129,"For Council, City of San Antonio, District 1",Mario,Bravo
2130,"For Council, City of San Antonio, District 7",Vote,For
2130,"For Council, City of San Antonio, District 7",TOTAL,VOTE
2130,"For Council, City of San Antonio, District 7",Dan Rossiter,40
2130,"For Council, City of San Antonio, District 7",Marina Alderete Gavito,77
2131,"For Council, City of San Antonio, District 1",Vote,For
2131,"For Council, City of San Antonio, District 1",TOTAL,VOTE
2131,"For Council, City of San Antonio, District 1",Sukh Kaur,15
2131,"For Council, City of San Antonio, District 1",Mario Bravo,6
2132,"For Council, City of San Antonio, District 1",Vote,For
2132,"For Council, City of San Antonio, District 1",TOTAL,VOTE
2132,"For Council, City of San Antonio, District 1",Sukh,Kaur
2132,"For Council, City of San Antonio, District 1",Mario,Bravo
2134,"For Council, City of San Antonio, District 1",Vote,For
2134,"For Council, City of San Antonio, District 1",TOTAL,VOTE
2134,"For Council, City of San Antonio, District 1",Sukh Kaur,26
2134,"For Council, City of San Antonio, District 1",Mario Bravo,14
2135,"For Council, City of San Antonio, District 1",Vote,For
2135,"For Council, City of San Antonio, District 1",TOTAL,VOTE
2135,"For Council, City of San Antonio, District 1",Sukh Kaur,22
2135,"For Council, City of San Antonio, District 1",Mario Bravo,14
2137,"For Council, City of San Antonio, District 1",Vote,For
2137,"For Council, City of San Antonio, District 1",TOTAL,VOTE
2137,"For Council, City of San Antonio, District 1",Sukh Kaur,85
2137,"For Council, City of San Antonio, District 1",Mario Bravo,47
2138,"For Council, City of San Antonio, District 1",Vote,For
2138,"For Council, City of San Antonio, District 1",TOTAL,VOTE
2138,"For Council, City of San Antonio, District 1",Sukh Kaur,81
2138,"For Council, City of San Antonio, District 1",Mario Bravo,48
2139,"For Council, City of San Antonio, District 7",Vote,For
2139,"For Council, City of San Antonio, District 7",TOTAL,VOTE
2139,"For Council, City of San Antonio, District 7",Dan Rossiter,36
2139,"For Council, City of San Antonio, District 7",Marina Alderete Gavito,84
2142,"For Council, City of San Antonio, District 7",Vote,For
2142,"For Council, City of San Antonio, District 7",TOTAL,VOTE
2142,"For Council, City of San Antonio, District 7",Dan Rossiter,5
2142,"For Council, City of San Antonio, District 7",Marina Alderete Gavito,8
2144,"For Council, City of San Antonio, District 1",Vote,For
2144,"For Council, City of San Antonio, District 1",TOTAL,VOTE
2144,"For Council, City of San Antonio, District 1",Sukh Kaur,143
2144,"For Council, City of San Antonio, District 1",Mario Bravo,111
2150,"For Council, City of San Antonio, District 1",Vote,For
2150,"For Council, City of San Antonio, District 1",TOTAL,VOTE
2150,"For Council, City of San Antonio, District 1",Sukh,Kaur
2150,"For Council, City of San Antonio, District 1",Mario,Bravo
2151,"For Council, City of San Antonio, District 7",Vote,For
2151,"For Council, City of San Antonio, District 7",TOTAL,VOTE
2151,"For Council, City of San Antonio, District 7",Dan,Rossiter
2151,"For Council, City of San Antonio, District 7",Marina Alderete,Gavito
2152,"For Council, City of San Antonio, District 1",Vote,For
2152,"For Council, City of San Antonio, District 1",TOTAL,VOTE
2152,"For Council, City of San Antonio, District 1",Sukh Kaur,20
2152,"For Council, City of San Antonio, District 1",Mario Bravo,15
2153,"For Council, City of San Antonio, District 7",Vote,For
2153,"For Council, City of San Antonio, District 7",TOTAL,VOTE
2153,"For Council, City of San Antonio, District 7",Dan Rossiter,1
2153,"For Council, City of San Antonio, District 7",Marina Alderete Gavito,4
2155,"For Council, City of San Antonio, District 1",Vote,For
2155,"For Council, City of San Antonio, District 1",TOTAL,VOTE
2155,"For Council, City of San Antonio, District 1",Sukh,Kaur
2155,"For Council, City of San Antonio, District 1",Mario,Bravo
2157,"For Council, City of San Antonio, District 7",Vote,For
2157,"For Council, City of San Antonio, District 7",TOTAL,VOTE
2157,"For Council, City of San Antonio, District 7",Dan,Rossiter
2157,"For Council, City of San Antonio, District 7",Marina Alderete,Gavito
2161,"For Council, City of San Antonio, District 7",Vote,For
2161,"For Council, City of San Antonio, District 7",TOTAL,VOTE
2161,"For Council, City of San Antonio, District 7",Dan Rossiter,16
2161,"For Council, City of San Antonio, District 7",Marina Alderete Gavito,13
2163,"For Council, City of San Antonio, District 7",Vote,For
2163,"For Council, City of San Antonio, District 7",TOTAL,VOTE
2163,"For Council, City of San Antonio, District 7",Dan Rossiter,87
2163,"For Council, City of San Antonio, District 7",Marina Alderete Gavito,85
2164,"For Council, City of San Antonio, District 7",Vote,For
2164,"For Council, City of San Antonio, District 7",TOTAL,VOTE
2164,"For Council, City of San Antonio, District 7",Dan Rossiter,24
2164,"For Council, City of San Antonio, District 7",Marina Alderete Gavito,52
2165,"For Council, City of San Antonio, District 7",Vote,For
2165,"For Council, City of San Antonio, District 7",TOTAL,VOTE
2165,"For Council, City of San Antonio, District 7",Dan Rossiter,68
2165,"For Council, City of San Antonio, District 7",Marina Alderete Gavito,112
2166,"For Council, City of San Antonio, District 7",Vote,For
2166,"For Council, City of San Antonio, District 7",TOTAL,VOTE
2166,"For Council, City of San Antonio, District 7",Dan Rossiter,54
2166,"For Council, City of San Antonio, District 7",Marina Alderete Gavito,90
2168,"For Council, City of San Antonio, District 7",Vote,For
2168,"For Council, City of San Antonio, District 7",TOTAL,VOTE
2168,"For Council, City of San Antonio, District 7",Dan Rossiter,32
2168,"For Council, City of San Antonio, District 7",Marina Alderete Gavito,45
2169,"For Council, City of San Antonio, District 7",Vote,For
2169,"For Council, City of San Antonio, District 7",TOTAL,VOTE
2169,"For Council, City of San Antonio, District 7",Dan Rossiter,39
2169,"For Council, City of San Antonio, District 7",Marina Alderete Gavito,73
2170,"For Council, City of San Antonio, District 7",Vote,For
2170,"For Council, City of San Antonio, District 7",TOTAL,VOTE
2170,"For Council, City of San Antonio, District 7",Dan Rossiter,62
2170,"For Council, City of San Antonio, District 7",Marina Alderete Gavito,89
2171,"For Council, City of San Antonio, District 7",Vote,For
2171,"For Council, City of San Antonio, District 7",TOTAL,VOTE
2171,"For Council, City of San Antonio, District 7",Dan Rossiter,49
2171,"For Council, City of San Antonio, District 7",Marina Alderete Gavito,60
2172,"For Council, City of San Antonio, District 7",Vote,For
2172,"For Council, City of San Antonio, District 7",TOTAL,VOTE
2172,"For Council, City of San Antonio, District 7",Dan Rossiter,8
2172,"For Council, City of San Antonio, District 7",Marina Alderete Gavito,12
2173,"For Council, City of San Antonio, District 7",Vote,For
2173,"For Council, City of San Antonio, District 7",TOTAL,VOTE
2173,"For Council, City of San Antonio, District 7",Dan Rossiter,32
2173,"For Council, City of San Antonio, District 7",Marina Alderete Gavito,64
2174,"For Council, City of San Antonio, District 7",Vote,For
2174,"For Council, City of San Antonio, District 7",TOTAL,VOTE
2174,"For Council, City of San Antonio, District 7",Dan Rossiter,73
2174,"For Council, City of San Antonio, District 7",Marina Alderete Gavito,209
2176,"For Council, City of San Antonio, District 7",Vote,For
2176,"For Council, City of San Antonio, District 7",TOTAL,VOTE
2176,"For Council, City of San Antonio, District 7",Dan Rossiter,67
2176,"For Council, City of San Antonio, District 7",Marina Alderete Gavito,45
2177,"For Council, City of San Antonio, District 1",Vote,For
2177,"For Council, City of San Antonio, District 1",TOTAL,VOTE
2177,"For Council, City of San Antonio, District 1",Sukh,Kaur
2177,"For Council, City of San Antonio, District 1",Mario,Bravo
2178,"For Council, City of San Antonio, District 7",Vote,For
2178,"For Council, City of San Antonio, District 7",TOTAL,VOTE
2178,"For Council, City of San Antonio, District 7",Dan Rossiter,46
2178,"For Council, City of San Antonio, District 7",Marina Alderete Gavito,135
2179,"For Council, City of San Antonio, District 7",Vote,For
2179,"For Council, City of San Antonio, District 7",TOTAL,VOTE
2179,"For Council, City of San Antonio, District 7",Dan,Rossiter
2179,"For Council, City of San Antonio, District 7",Marina Alderete,Gavito
3004,"For Council, City of San Antonio, District 1",Vote,For
3004,"For Council, City of San Antonio, District 1",TOTAL,VOTE
3004,"For Council, City of San Antonio, District 1",Sukh,Kaur
3004,"For Council, City of San Antonio, District 1",Mario,Bravo
3006,"For Council, City of San Antonio, District 1",Vote,For
3006,"For Council, City of San Antonio, District 1",TOTAL,VOTE
3006,"For Council, City of San Antonio, District 1",Sukh Kaur,102
3006,"For Council, City of San Antonio, District 1",Mario Bravo,73
3011,"For Council, City of San Antonio, District 1",Vote,For
3011,"For Council, City of San Antonio, District 1",TOTAL,VOTE
3011,"For Council, City of San Antonio, District 1",Sukh Kaur,122
3011,"For Council, City of San Antonio, District 1",Mario Bravo,86
3013,"For Council, City of San Antonio, District 1",Vote,For
3013,"For Council, City of San Antonio, District 1",TOTAL,VOTE
3013,"For Council, City of San Antonio, District 1",Sukh Kaur,132
3013,"For Council, City of San Antonio, District 1",Mario Bravo,93
3014,"For Council, City of San Antonio, District 1",Vote,For
3014,"For Council, City of San Antonio, District 1",TOTAL,VOTE
3014,"For Council, City of San Antonio, District 1",Sukh Kaur,33
3014,"For Council, City of San Antonio, District 1",Mario Bravo,29
3015,"For Council, City of San Antonio, District 1",Vote,For
3015,"For Council, City of San Antonio, District 1",TOTAL,VOTE
3015,"For Council, City of San Antonio, District 1",Sukh Kaur,94
3015,"For Council, City of San Antonio, District 1",Mario Bravo,89
3024,"For Council, City of San Antonio, District 1",Vote,For
3024,"For Council, City of San Antonio, District 1",TOTAL,VOTE
3024,"For Council, City of San Antonio, District 1",Sukh,Kaur
3024,"For Council, City of San Antonio, District 1",Mario,Bravo
3031,"For Council, City of San Antonio, District 1",Vote,For
3031,"For Council, City of San Antonio, District 1",TOTAL,VOTE
3031,"For Council, City of San Antonio, District 1",Sukh Kaur,1
3031,"For Council, City of San Antonio, District 1",Mario Bravo,5
3053,"For Council, City of San Antonio, District 1",Vote,For
3053,"For Council, City of San Antonio, District 1",TOTAL,VOTE
3053,"For Council, City of San Antonio, District 1",Sukh Kaur,173
3053,"For Council, City of San Antonio, District 1",Mario Bravo,81
3063,"For Council, City of San Antonio, District 1",Vote,For
3063,"For Council, City of San Antonio, District 1",TOTAL,VOTE
3063,"For Council, City of San Antonio, District 1",Sukh Kaur,193
3063,"For Council, City of San Antonio, District 1",Mario Bravo,125
3064,"For Council, City of San Antonio, District 1",Vote,For
3064,"For Council, City of San Antonio, District 1",TOTAL,VOTE
3064,"For Council, City of San Antonio, District 1",Sukh Kaur,41
3064,"For Council, City of San Antonio, District 1",Mario Bravo,30
3066,"For Council, City of San Antonio, District 1",Vote,For
3066,"For Council, City of San Antonio, District 1",TOTAL,VOTE
3066,"For Council, City of San Antonio, District 1",Sukh Kaur,168
3066,"For Council, City of San Antonio, District 1",Mario Bravo,154
3111,"For Council, City of San Antonio, District 1",Vote,For
3111,"For Council, City of San Antonio, District 1",TOTAL,VOTE
3111,"For Council, City of San Antonio, District 1",Sukh,Kaur
3111,"For Council, City of San Antonio, District 1",Mario,Bravo
3131,"For Council, City of San Antonio, District 1",Vote,For
3131,"For Council, City of San Antonio, District 1",TOTAL,VOTE
3131,"For Council, City of San Antonio, District 1",Sukh,Kaur
3131,"For Council, City of San Antonio, District 1",Mario,Bravo
3147,"For Council, City of San Antonio, District 1",Vote,For
3147,"For Council, City of San Antonio, District 1",TOTAL,VOTE
3147,"For Council, City of San Antonio, District 1",Sukh Kaur,4
3147,"For Council, City of San Antonio, District 1",Mario Bravo,1
3150,"For Council, City of San Antonio, District 1",Vote,For
3150,"For Council, City of San Antonio, District 1",TOTAL,VOTE
3150,"For Council, City of San Antonio, District 1",Sukh Kaur,6
3150,"For Council, City of San Antonio, District 1",Mario Bravo,2
3166,"For Council, City of San Antonio, District 1",Vote,For
3166,"For Council, City of San Antonio, District 1",TOTAL,VOTE
3166,"For Council, City of San Antonio, District 1",Sukh Kaur,36
3166,"For Council, City of San Antonio, District 1",Mario Bravo,31
3167,"For Council, City of San Antonio, District 1",Vote,For
3167,"For Council, City of San Antonio, District 1",TOTAL,VOTE
3167,"For Council, City of San Antonio, District 1",Sukh Kaur,0
3167,"For Council, City of San Antonio, District 1",Mario Bravo,1
3175,"For Council, City of San Antonio, District 1",Vote,For
3175,"For Council, City of San Antonio, District 1",TOTAL,VOTE
3175,"For Council, City of San Antonio, District 1",Sukh Kaur,45
3175,"For Council, City of San Antonio, District 1",Mario Bravo,34
3182,"For Council, City of San Antonio, District 1",Vote,For
3182,"For Council, City of San Antonio, District 1",TOTAL,VOTE
3182,"For Council, City of San Antonio, District 1",Sukh Kaur,73
3182,"For Council, City of San Antonio, District 1",Mario Bravo,40
3204,"For Council, City of San Antonio, District 1",Vote,For
3204,"For Council, City of San Antonio, District 1",TOTAL,VOTE
3204,"For Council, City of San Antonio, District 1",Sukh,Kaur
3204,"For Council, City of San Antonio, District 1",Mario,Bravo
3205,"For Council, City of San Antonio, District 1",Vote,For
3205,"For Council, City of San Antonio, District 1",TOTAL,VOTE
3205,"For Council, City of San Antonio, District 1",Sukh,Kaur
3205,"For Council, City of San Antonio, District 1",Mario,Bravo
4001,"For Council, City of San Antonio, District 1",Vote,For
4001,"For Council, City of San Antonio, District 1",TOTAL,VOTE
4001,"For Council, City of San Antonio, District 1",Sukh Kaur,176
4001,"For Council, City of San Antonio, District 1",Mario Bravo,56
4015,"For Council, City of San Antonio, District 1",Vote,For
4015,"For Council, City of San Antonio, District 1",TOTAL,VOTE
4015,"For Council, City of San Antonio, District 1",Sukh Kaur,125
4015,"For Council, City of San Antonio, District 1",Mario Bravo,55
4017,"For Council, City of San Antonio, District 1",Vote,For
4017,"For Council, City of San Antonio, District 1",TOTAL,VOTE
4017,"For Council, City of San Antonio, District 1",Sukh Kaur,138
4017,"For Council, City of San Antonio, District 1",Mario Bravo,116
4018,"For Council, City of San Antonio, District 1",Vote,For
4018,"For Council, City of San Antonio, District 1",TOTAL,VOTE
4018,"For Council, City of San Antonio, District 1",Sukh Kaur,166
4018,"For Council, City of San Antonio, District 1",Mario Bravo,97
4155,"For Council, City of San Antonio, District 1",Vote,For
4155,"For Council, City of San Antonio, District 1",TOTAL,VOTE
4155,"For Council, City of San Antonio, District 1",Sukh Kaur,234
4155,"For Council, City of San Antonio, District 1",Mario Bravo,104
4157,"For Council, City of San Antonio, District 1",Vote,For
4157,"For Council, City of San Antonio, District 1",TOTAL,VOTE
4157,"For Council, City of San Antonio, District 1",Sukh Kaur,144
4157,"For Council, City of San Antonio, District 1",Mario Bravo,127
4203,"For Council, City of San Antonio, District 1",Vote,For
4203,"For Council, City of San Antonio, District 1",TOTAL,VOTE
4203,"For Council, City of San Antonio, District 1",Sukh Kaur,13
4203,"For Council, City of San Antonio, District 1",Mario Bravo,7
4211,"For Council, City of San Antonio, District 1",Vote,For
4211,"For Council, City of San Antonio, District 1",TOTAL,VOTE
4211,"For Council, City of San Antonio, District 1",Sukh Kaur,2
4211,"For Council, City of San Antonio, District 1",Mario Bravo,3
4217,"For Council, City of San Antonio, District 1",Vote,For
4217,"For Council, City of San Antonio, District 1",TOTAL,VOTE
4217,"For Council, City of San Antonio, District 1",Sukh Kaur,3
4217,"For Council, City of San Antonio, District 1",Mario Bravo,1
4228,"For Council, City of San Antonio, District 1",Vote,For
4228,"For Council, City of San Antonio, District 1",TOTAL,VOTE
4228,"For Council, City of San Antonio, District 1",Sukh Kaur,56
4228,"For Council, City of San Antonio, District 1",Mario Bravo,14
